id,lane,start,end,label,detail,revenue_gbp_m,profit_gbp_m,source_url
financial-information,Alleged Premier League periods,2009-07-01,2018-06-30,Financial information,"Alleged accurate financial-information disclosures, including revenue, related parties and operating costs.",,,https://www.premierleague.com/en/news/3045970
manager-remuneration,Alleged Premier League periods,2009-07-01,2013-06-30,Manager remuneration,"Alleged contractual disclosure of manager remuneration.",,,https://www.premierleague.com/en/news/3045970
player-remuneration,Alleged Premier League periods,2010-07-01,2016-06-30,Player remuneration,"Alleged contractual disclosure of player remuneration.",,,https://www.premierleague.com/en/news/3045970
uefa-compliance,Alleged Premier League periods,2013-07-01,2018-06-30,UEFA compliance,"Alleged compliance with UEFA Club Licensing and Financial Fair Play regulations.",,,https://www.premierleague.com/en/news/3045970
profitability-sustainability,Alleged Premier League periods,2015-07-01,2018-06-30,Profitability and sustainability,"Alleged Premier League profitability and sustainability breaches.",,,https://www.premierleague.com/en/news/3045970
cooperation,Alleged Premier League periods,2018-12-01,2023-06-30,Cooperation,"Alleged failure to cooperate with the Premier League investigation.",,,https://www.premierleague.com/en/news/3045970
cas-2020,Separate UEFA case,2020-07-13,2020-07-13,CAS decision,"CAS set aside UEFA's two-season exclusion. It found a non-cooperation breach and imposed a EUR10m fine. This was not a decision on the Premier League allegations.",,,https://www.tas-cas.org/fileadmin/user_upload/CAS_Media_Release_6785_Decision.pdf
fy2024,Filed accounts,2024-06-30,2024-06-30,FY2023-24 accounts,"Revenue £715.0m. Net profit £73.8m. The financial year ended 30 June 2024.",715.0,73.8,https://www.mancity.com/annualreport2024/wp-content/uploads/2024/12/manchester-city_financial-report_2023-24.pdf
fy2025,Filed accounts,2025-06-30,2025-06-30,FY2024-25 accounts,"Revenue £694.1m. Net loss £9.9m. The financial year ended 30 June 2025.",694.1,-9.9,https://www.mancity.com/meta/media/d4cd0k1u/mcfc_financial_report_2025.pdf
