atus_code,label,years,n_respondents,n_doing,participation_rate,minutes_when_performed
0101,Sleeping,2014-2016,32990,32951,0.9990,528.9
0102,Grooming,2014-2016,32990,26140,0.8103,50.9
0103,Health-related self care,2014-2016,32990,2495,0.0665,71.3
0201,Housework,2014-2016,32990,13231,0.3565,95.4
020101,Interior cleaning,2014-2016,32990,8719,0.2321,87.5
020102,Laundry,2014-2016,32990,6231,0.1656,64.4
020103,"Sewing, repairing and maintaining textiles",2014-2016,32990,414,0.0115,153.5
020104,"Storing interior household items, including food",2014-2016,32990,2339,0.0629,20.0
020201,Food and drink preparation,2014-2016,32990,18688,0.5327,51.2
020203,Kitchen and food clean-up,2014-2016,32990,7976,0.2264,34.1
020301,"Interior arrangement, decoration and repairs",2014-2016,32990,682,0.0177,152.0
020302,Building and repairing furniture,2014-2016,32990,99,0.0027,140.3
0203,"Interior maintenance, repair and decoration",2014-2016,32990,1064,0.0286,129.7
0204,"Exterior maintenance, repair and decoration",2014-2016,32990,1047,0.0289,113.6
0205,"Lawn, garden and houseplants",2014-2016,32990,3436,0.0981,117.2
020501,"Lawn, garden and houseplant care",2014-2016,32990,3356,0.0957,117.9
0206,Animals and pets,2014-2016,32990,5419,0.1677,40.4
0207,Vehicles (maintenance and repair by self),2014-2016,32990,799,0.0232,104.1
0209,Household management,2014-2016,32990,8718,0.2513,42.7
020901,Financial management,2014-2016,32990,1228,0.0331,48.5
020902,Household and personal organisation and planning,2014-2016,32990,5133,0.1485,40.3
020903,Household and personal mail and messages (except e-mail),2014-2016,32990,1870,0.0532,21.1
020904,Household and personal e-mail and messages,2014-2016,32990,1948,0.0565,32.9
020905,Home security,2014-2016,32990,497,0.0132,11.9
0301,Caring for and helping household children,2014-2016,32990,8041,0.2032,104.7
030102,Reading to or with household children,2014-2016,32990,1200,0.0264,29.4
030103,"Playing with household children, not sports",2014-2016,32990,2213,0.0531,106.2
030112,Picking up or dropping off household children,2014-2016,32990,2915,0.0852,12.9
0302,Activities related to household children's education,2014-2016,32990,1310,0.0373,60.2
0304,Caring for household adults,2014-2016,32990,625,0.0253,64.9
0305,Helping household adults,2014-2016,32990,978,0.0366,19.8
0404,Caring for non-household adults,2014-2016,32990,317,0.0087,81.5
0401,Caring for and helping non-household children,2014-2016,32990,1537,0.0455,87.8
0405,Helping non-household adults,2014-2016,32990,2418,0.0687,48.8
0501,Working,2014-2016,32990,11760,0.4243,458.2
0504,Job search and interviewing,2014-2016,32990,312,0.0134,148.0
0601,Taking class,2014-2016,32990,856,0.0504,299.2
0603,Research and homework,2014-2016,32990,1251,0.0578,173.4
0701,"Shopping (store, telephone, internet)",2014-2016,32990,13816,0.3981,54.1
070101,Grocery shopping,2014-2016,32990,5140,0.1381,45.7
070102,Purchasing gas,2014-2016,32990,1207,0.0352,10.1
070103,Purchasing food (not groceries),2014-2016,32990,4194,0.1324,10.9
070104,"Shopping, except groceries, food and gas",2014-2016,32990,7277,0.2025,66.0
0802,Financial services and banking,2014-2016,32990,722,0.0238,16.3
0804,Medical and care services,2014-2016,32990,1003,0.0376,86.3
0805,Personal care services,2014-2016,32990,483,0.0140,74.8
0901,Household services (not done by self),2014-2016,32990,131,0.0035,14.2
0902,"Home maintenance, repair, decoration and construction (not done by self)",2014-2016,32990,145,0.0049,81.6
0905,Vehicle maintenance and repair services (not done by self),2014-2016,32990,365,0.0109,44.1
1101,Eating and drinking,2014-2016,32990,31371,0.9508,67.3
1201,Socializing and communicating,2014-2016,32990,11972,0.3584,102.7
1202,Attending or hosting social events,2014-2016,32990,978,0.0223,179.2
1203,Relaxing and leisure,2014-2016,32990,30100,0.9101,257.7
120301,"Relaxing, thinking",2014-2016,32990,6298,0.1972,90.2
120303,Television and movies (not religious),2014-2016,32990,26507,0.7961,209.0
120305,Listening to the radio,2014-2016,32990,568,0.0163,70.3
120306,Listening to or playing music (not radio),2014-2016,32990,678,0.0248,82.5
120307,Playing games,2014-2016,32990,3282,0.1092,127.5
120308,Computer use for leisure (excluding games),2014-2016,32990,3999,0.1250,93.5
120309,Arts and crafts as a hobby,2014-2016,32990,433,0.0131,130.5
120312,Reading for personal interest,2014-2016,32990,7401,0.2062,90.3
120313,Writing for personal interest,2014-2016,32990,84,0.0022,144.9
1204,Arts and entertainment (other than sports),2014-2016,32990,1201,0.0295,160.9
120401,Attending performing arts,2014-2016,32990,228,0.0051,160.5
120402,Attending museums,2014-2016,32990,97,0.0022,149.4
120403,Attending movies or film,2014-2016,32990,390,0.0104,142.2
1301,"Participating in sports, exercise or recreation",2014-2016,32990,6222,0.2014,90.8
130101,Doing aerobics,2014-2016,32990,85,0.0032,49.6
130103,Playing basketball,2014-2016,32990,119,0.0050,127.2
130104,Biking,2014-2016,32990,233,0.0067,76.4
130106,Boating,2014-2016,32990,76,0.0018,149.7
130108,"Climbing, spelunking and caving",2014-2016,32990,9,0.0003,129.1
130107,Bowling,2014-2016,32990,77,0.0029,146.4
130109,Dancing,2014-2016,32990,97,0.0024,116.8
130112,Fishing,2014-2016,32990,122,0.0035,256.0
130113,Playing football,2014-2016,32990,44,0.0023,110.4
130114,Golfing,2014-2016,32990,167,0.0052,204.4
130116,Hiking,2014-2016,32990,106,0.0025,143.4
130119,Martial arts,2014-2016,32990,21,0.0006,98.8
130120,Playing racquet sports,2014-2016,32990,59,0.0023,109.2
130122,Rollerblading,2014-2016,32990,24,0.0011,135.4
130124,Running,2014-2016,32990,485,0.0181,48.3
130126,Playing soccer,2014-2016,32990,61,0.0029,112.7
130128,Using cardiovascular equipment,2014-2016,32990,472,0.0154,40.9
130130,Playing volleyball,2014-2016,32990,24,0.0010,155.3
130131,Walking,2014-2016,32990,2098,0.0633,53.8
130132,Participating in water sports,2014-2016,32990,465,0.0142,104.7
130133,Weightlifting or strength training,2014-2016,32990,522,0.0216,52.3
130134,"Working out, unspecified",2014-2016,32990,1307,0.0452,53.2
130136,Doing yoga,2014-2016,32990,189,0.0060,59.0
1302,Attending sporting or recreational events,2014-2016,32990,365,0.0096,158.4
1401,Religious and spiritual practices,2014-2016,32990,4169,0.0952,94.0
140101,Attending religious services,2014-2016,32990,2524,0.0461,114.1
140102,Participation in religious practices,2014-2016,32990,1980,0.0539,52.9
15,Volunteer activities,2014-2016,32990,2213,0.0608,130.3
1601,Telephone calls,2014-2016,32990,3839,0.1063,43.7
160101,Telephone calls to or from family members,2014-2016,32990,2481,0.0645,33.5
160102,"Telephone calls to or from friends, neighbours or acquaintances",2014-2016,32990,1566,0.0445,49.3
18,Traveling (all purposes),2014-2016,32990,27577,0.8542,82.8
1805,Travel related to work,2014-2016,32990,9344,0.3604,45.5
