draw_no,date,n1,n2,n3,n4,n5,n6,additional,source_url,retrieved
4221,2026-09-28,14,22,25,27,34,37,18,https://www.singaporepools.com.sg/en/product/sr/Pages/toto_results.aspx?sppl=RHJhd051bWJlcj00MjIx,2026-09-30
4220,2026-09-24,7,12,20,25,44,47,2,https://www.singaporepools.com.sg/en/product/sr/Pages/toto_results.aspx?sppl=RHJhd051bWJlcj00MjIw,2026-09-30
4219,2026-09-21,12,29,39,42,43,48,26,https://www.singaporepools.com.sg/en/product/sr/Pages/toto_results.aspx?sppl=RHJhd051bWJlcj00MjE5,2026-09-30
4218,2026-09-17,17,19,23,35,36,39,49,https://www.singaporepools.com.sg/en/product/sr/Pages/toto_results.aspx?sppl=RHJhd051bWJlcj00MjE4,2026-09-30
4217,2026-09-14,6,7,8,16,18,35,31,https://www.singaporepools.com.sg/en/product/sr/Pages/toto_results.aspx?sppl=RHJhd051bWJlcj00MjE3,2026-09-30
4216,2026-09-10,6,16,26,30,39,42,27,https://www.singaporepools.com.sg/en/product/sr/Pages/toto_results.aspx?sppl=RHJhd051bWJlcj00MjE2,2026-09-30
4215,2026-09-07,4,7,13,23,27,32,48,https://www.singaporepools.com.sg/en/product/sr/Pages/toto_results.aspx?sppl=RHJhd051bWJlcj00MjE1,2026-09-30
4214,2026-09-03,29,33,39,42,43,44,49,https://www.singaporepools.com.sg/en/product/sr/Pages/toto_results.aspx?sppl=RHJhd051bWJlcj00MjE0,2026-09-30
4213,2026-08-31,7,26,33,39,41,46,11,https://www.singaporepools.com.sg/en/product/sr/Pages/toto_results.aspx?sppl=RHJhd051bWJlcj00MjEz,2026-09-30
4212,2026-08-27,8,9,14,17,35,40,18,https://www.singaporepools.com.sg/en/product/sr/Pages/toto_results.aspx?sppl=RHJhd051bWJlcj00MjEy,2026-09-30
4211,2026-08-24,13,22,26,38,39,44,6,https://www.singaporepools.com.sg/en/product/sr/Pages/toto_results.aspx?sppl=RHJhd051bWJlcj00MjEx,2026-09-30
4210,2026-08-20,3,18,19,25,27,48,40,https://www.singaporepools.com.sg/en/product/sr/Pages/toto_results.aspx?sppl=RHJhd051bWJlcj00MjEw,2026-09-30
4209,2026-08-17,9,16,22,24,33,47,8,https://www.singaporepools.com.sg/en/product/sr/Pages/toto_results.aspx?sppl=RHJhd051bWJlcj00MjA5,2026-09-30
4208,2026-08-13,4,11,22,32,40,49,37,https://www.singaporepools.com.sg/en/product/sr/Pages/toto_results.aspx?sppl=RHJhd051bWJlcj00MjA4,2026-09-30
4207,2026-08-10,3,6,17,32,33,39,7,https://www.singaporepools.com.sg/en/product/sr/Pages/toto_results.aspx?sppl=RHJhd051bWJlcj00MjA3,2026-09-30
4206,2026-08-07,5,7,30,33,36,46,44,https://www.singaporepools.com.sg/en/product/sr/Pages/toto_results.aspx?sppl=RHJhd051bWJlcj00MjA2,2026-09-30
4205,2026-08-03,9,29,30,35,36,40,11,https://www.singaporepools.com.sg/en/product/sr/Pages/toto_results.aspx?sppl=RHJhd051bWJlcj00MjA1,2026-09-30
4204,2026-07-30,4,7,16,23,30,32,8,https://www.singaporepools.com.sg/en/product/sr/Pages/toto_results.aspx?sppl=RHJhd051bWJlcj00MjA0,2026-09-30
4203,2026-07-27,22,23,30,36,44,48,28,https://www.singaporepools.com.sg/en/product/sr/Pages/toto_results.aspx?sppl=RHJhd051bWJlcj00MjAz,2026-09-30
4202,2026-07-23,8,11,17,21,37,48,35,https://www.singaporepools.com.sg/en/product/sr/Pages/toto_results.aspx?sppl=RHJhd051bWJlcj00MjAy,2026-09-30
4201,2026-07-20,1,8,11,14,33,43,44,https://www.singaporepools.com.sg/en/product/sr/Pages/toto_results.aspx?sppl=RHJhd051bWJlcj00MjAx,2026-09-30
4200,2026-07-16,6,27,28,41,43,44,19,https://www.singaporepools.com.sg/en/product/sr/Pages/toto_results.aspx?sppl=RHJhd051bWJlcj00MjAw,2026-09-30
4199,2026-07-13,14,22,32,33,36,46,42,https://www.singaporepools.com.sg/en/product/sr/Pages/toto_results.aspx?sppl=RHJhd051bWJlcj00MTk5,2026-09-30
4198,2026-07-09,23,27,31,38,42,47,29,https://www.singaporepools.com.sg/en/product/sr/Pages/toto_results.aspx?sppl=RHJhd051bWJlcj00MTk4,2026-09-30
4197,2026-07-06,8,25,34,37,39,46,44,https://www.singaporepools.com.sg/en/product/sr/Pages/toto_results.aspx?sppl=RHJhd051bWJlcj00MTk3,2026-09-30
4196,2026-07-02,5,7,11,37,46,49,16,https://www.singaporepools.com.sg/en/product/sr/Pages/toto_results.aspx?sppl=RHJhd051bWJlcj00MTk2,2026-09-30
4195,2026-06-29,6,11,22,23,31,34,14,https://www.singaporepools.com.sg/en/product/sr/Pages/toto_results.aspx?sppl=RHJhd051bWJlcj00MTk1,2026-09-30
4194,2026-06-25,4,21,23,28,31,39,41,https://www.singaporepools.com.sg/en/product/sr/Pages/toto_results.aspx?sppl=RHJhd051bWJlcj00MTk0,2026-09-30
4193,2026-06-22,4,11,15,16,21,39,20,https://www.singaporepools.com.sg/en/product/sr/Pages/toto_results.aspx?sppl=RHJhd051bWJlcj00MTkz,2026-09-30
4192,2026-06-18,2,7,11,19,20,42,23,https://www.singaporepools.com.sg/en/product/sr/Pages/toto_results.aspx?sppl=RHJhd051bWJlcj00MTky,2026-09-30
4191,2026-06-15,9,16,27,28,32,49,18,https://www.singaporepools.com.sg/en/product/sr/Pages/toto_results.aspx?sppl=RHJhd051bWJlcj00MTkx,2026-09-30
4190,2026-06-11,14,16,21,22,35,38,36,https://www.singaporepools.com.sg/en/product/sr/Pages/toto_results.aspx?sppl=RHJhd051bWJlcj00MTkw,2026-09-30
4189,2026-06-08,10,15,28,39,40,46,12,https://www.singaporepools.com.sg/en/product/sr/Pages/toto_results.aspx?sppl=RHJhd051bWJlcj00MTg5,2026-09-30
4188,2026-06-04,3,5,20,23,26,27,28,https://www.singaporepools.com.sg/en/product/sr/Pages/toto_results.aspx?sppl=RHJhd051bWJlcj00MTg4,2026-09-30
4187,2026-06-01,2,19,26,29,33,36,21,https://www.singaporepools.com.sg/en/product/sr/Pages/toto_results.aspx?sppl=RHJhd051bWJlcj00MTg3,2026-09-30
4186,2026-05-28,10,13,30,35,38,44,15,https://www.singaporepools.com.sg/en/product/sr/Pages/toto_results.aspx?sppl=RHJhd051bWJlcj00MTg2,2026-09-30
4185,2026-05-25,11,12,24,33,38,46,30,https://www.singaporepools.com.sg/en/product/sr/Pages/toto_results.aspx?sppl=RHJhd051bWJlcj00MTg1,2026-09-30
4184,2026-05-21,11,18,25,36,39,49,41,https://www.singaporepools.com.sg/en/product/sr/Pages/toto_results.aspx?sppl=RHJhd051bWJlcj00MTg0,2026-09-30
4183,2026-05-18,7,18,32,37,41,44,19,https://www.singaporepools.com.sg/en/product/sr/Pages/toto_results.aspx?sppl=RHJhd051bWJlcj00MTgz,2026-09-30
4182,2026-05-14,4,8,21,25,43,46,32,https://www.singaporepools.com.sg/en/product/sr/Pages/toto_results.aspx?sppl=RHJhd051bWJlcj00MTgy,2026-09-30
4181,2026-05-11,6,10,25,26,34,40,30,https://www.singaporepools.com.sg/en/product/sr/Pages/toto_results.aspx?sppl=RHJhd051bWJlcj00MTgx,2026-09-30
4180,2026-05-07,2,3,8,16,20,47,10,https://www.singaporepools.com.sg/en/product/sr/Pages/toto_results.aspx?sppl=RHJhd051bWJlcj00MTgw,2026-09-30
4179,2026-05-04,7,18,19,30,36,48,11,https://www.singaporepools.com.sg/en/product/sr/Pages/toto_results.aspx?sppl=RHJhd051bWJlcj00MTc5,2026-09-30
4178,2026-04-30,2,6,7,31,35,39,15,https://www.singaporepools.com.sg/en/product/sr/Pages/toto_results.aspx?sppl=RHJhd051bWJlcj00MTc4,2026-09-30
4177,2026-04-27,3,11,13,22,28,48,21,https://www.singaporepools.com.sg/en/product/sr/Pages/toto_results.aspx?sppl=RHJhd051bWJlcj00MTc3,2026-09-30
4176,2026-04-23,3,5,15,23,37,42,48,https://www.singaporepools.com.sg/en/product/sr/Pages/toto_results.aspx?sppl=RHJhd051bWJlcj00MTc2,2026-09-30
4175,2026-04-20,3,5,9,23,43,49,8,https://www.singaporepools.com.sg/en/product/sr/Pages/toto_results.aspx?sppl=RHJhd051bWJlcj00MTc1,2026-09-30
4174,2026-04-16,1,3,6,12,21,41,18,https://www.singaporepools.com.sg/en/product/sr/Pages/toto_results.aspx?sppl=RHJhd051bWJlcj00MTc0,2026-09-30
4173,2026-04-13,4,8,10,15,16,26,17,https://www.singaporepools.com.sg/en/product/sr/Pages/toto_results.aspx?sppl=RHJhd051bWJlcj00MTcz,2026-09-30
4172,2026-04-09,1,2,6,9,44,48,24,https://www.singaporepools.com.sg/en/product/sr/Pages/toto_results.aspx?sppl=RHJhd051bWJlcj00MTcy,2026-09-30
4171,2026-04-06,14,23,29,30,39,48,12,https://www.singaporepools.com.sg/en/product/sr/Pages/toto_results.aspx?sppl=RHJhd051bWJlcj00MTcx,2026-09-30
4170,2026-04-02,1,7,8,23,30,33,21,https://www.singaporepools.com.sg/en/product/sr/Pages/toto_results.aspx?sppl=RHJhd051bWJlcj00MTcw,2026-09-30
4169,2026-03-30,4,12,26,30,46,47,6,https://www.singaporepools.com.sg/en/product/sr/Pages/toto_results.aspx?sppl=RHJhd051bWJlcj00MTY5,2026-09-30
4168,2026-03-26,4,7,22,29,33,46,48,https://www.singaporepools.com.sg/en/product/sr/Pages/toto_results.aspx?sppl=RHJhd051bWJlcj00MTY4,2026-09-30
4167,2026-03-23,4,25,28,33,43,48,31,https://www.singaporepools.com.sg/en/product/sr/Pages/toto_results.aspx?sppl=RHJhd051bWJlcj00MTY3,2026-09-30
4166,2026-03-19,3,27,34,35,38,49,17,https://www.singaporepools.com.sg/en/product/sr/Pages/toto_results.aspx?sppl=RHJhd051bWJlcj00MTY2,2026-09-30
4165,2026-03-16,6,14,18,22,35,36,13,https://www.singaporepools.com.sg/en/product/sr/Pages/toto_results.aspx?sppl=RHJhd051bWJlcj00MTY1,2026-09-30
4164,2026-03-12,12,25,33,40,43,46,21,https://www.singaporepools.com.sg/en/product/sr/Pages/toto_results.aspx?sppl=RHJhd051bWJlcj00MTY0,2026-09-30
4163,2026-03-09,7,13,14,17,40,44,35,https://www.singaporepools.com.sg/en/product/sr/Pages/toto_results.aspx?sppl=RHJhd051bWJlcj00MTYz,2026-09-30
4162,2026-03-05,1,5,12,15,22,42,37,https://www.singaporepools.com.sg/en/product/sr/Pages/toto_results.aspx?sppl=RHJhd051bWJlcj00MTYy,2026-09-30
4161,2026-03-02,6,8,28,37,41,49,40,https://www.singaporepools.com.sg/en/product/sr/Pages/toto_results.aspx?sppl=RHJhd051bWJlcj00MTYx,2026-09-30
4160,2026-02-27,5,9,20,23,45,46,7,https://www.singaporepools.com.sg/en/product/sr/Pages/toto_results.aspx?sppl=RHJhd051bWJlcj00MTYw,2026-09-30
4159,2026-02-23,24,26,30,32,37,47,2,https://www.singaporepools.com.sg/en/product/sr/Pages/toto_results.aspx?sppl=RHJhd051bWJlcj00MTU5,2026-09-30
4158,2026-02-19,8,16,17,34,38,48,25,https://www.singaporepools.com.sg/en/product/sr/Pages/toto_results.aspx?sppl=RHJhd051bWJlcj00MTU4,2026-09-30
4157,2026-02-16,13,24,28,34,37,44,29,https://www.singaporepools.com.sg/en/product/sr/Pages/toto_results.aspx?sppl=RHJhd051bWJlcj00MTU3,2026-09-30
4156,2026-02-13,10,15,25,43,45,49,4,https://www.singaporepools.com.sg/en/product/sr/Pages/toto_results.aspx?sppl=RHJhd051bWJlcj00MTU2,2026-09-30
4155,2026-02-09,10,15,29,31,33,49,30,https://www.singaporepools.com.sg/en/product/sr/Pages/toto_results.aspx?sppl=RHJhd051bWJlcj00MTU1,2026-09-30
4154,2026-02-05,6,18,24,26,36,48,5,https://www.singaporepools.com.sg/en/product/sr/Pages/toto_results.aspx?sppl=RHJhd051bWJlcj00MTU0,2026-09-30
4153,2026-02-02,4,19,40,41,46,47,20,https://www.singaporepools.com.sg/en/product/sr/Pages/toto_results.aspx?sppl=RHJhd051bWJlcj00MTUz,2026-09-30
4152,2026-01-29,11,13,16,31,42,48,21,https://www.singaporepools.com.sg/en/product/sr/Pages/toto_results.aspx?sppl=RHJhd051bWJlcj00MTUy,2026-09-30
4151,2026-01-26,10,11,13,26,32,39,44,https://www.singaporepools.com.sg/en/product/sr/Pages/toto_results.aspx?sppl=RHJhd051bWJlcj00MTUx,2026-09-30
4150,2026-01-22,6,22,27,32,37,44,19,https://www.singaporepools.com.sg/en/product/sr/Pages/toto_results.aspx?sppl=RHJhd051bWJlcj00MTUw,2026-09-30
4149,2026-01-19,4,11,21,23,31,35,48,https://www.singaporepools.com.sg/en/product/sr/Pages/toto_results.aspx?sppl=RHJhd051bWJlcj00MTQ5,2026-09-30
4148,2026-01-15,16,32,34,35,36,41,14,https://www.singaporepools.com.sg/en/product/sr/Pages/toto_results.aspx?sppl=RHJhd051bWJlcj00MTQ4,2026-09-30
4147,2026-01-12,1,9,16,18,35,43,12,https://www.singaporepools.com.sg/en/product/sr/Pages/toto_results.aspx?sppl=RHJhd051bWJlcj00MTQ3,2026-09-30
4146,2026-01-08,3,14,15,17,25,27,31,https://www.singaporepools.com.sg/en/product/sr/Pages/toto_results.aspx?sppl=RHJhd051bWJlcj00MTQ2,2026-09-30
4145,2026-01-05,5,20,35,39,40,49,27,https://www.singaporepools.com.sg/en/product/sr/Pages/toto_results.aspx?sppl=RHJhd051bWJlcj00MTQ1,2026-09-30
4144,2026-01-02,11,18,20,32,38,39,34,https://www.singaporepools.com.sg/en/product/sr/Pages/toto_results.aspx?sppl=RHJhd051bWJlcj00MTQ0,2026-09-30
4143,2025-12-29,2,4,22,24,30,33,49,https://www.singaporepools.com.sg/en/product/sr/Pages/toto_results.aspx?sppl=RHJhd051bWJlcj00MTQz,2026-09-30
4142,2025-12-25,3,8,15,28,37,43,49,https://www.singaporepools.com.sg/en/product/sr/Pages/toto_results.aspx?sppl=RHJhd051bWJlcj00MTQy,2026-09-30
4141,2025-12-22,4,5,13,22,24,30,36,https://www.singaporepools.com.sg/en/product/sr/Pages/toto_results.aspx?sppl=RHJhd051bWJlcj00MTQx,2026-09-30
4140,2025-12-18,2,14,15,30,31,43,27,https://www.singaporepools.com.sg/en/product/sr/Pages/toto_results.aspx?sppl=RHJhd051bWJlcj00MTQw,2026-09-30
4139,2025-12-15,17,21,22,35,37,42,9,https://www.singaporepools.com.sg/en/product/sr/Pages/toto_results.aspx?sppl=RHJhd051bWJlcj00MTM5,2026-09-30
4138,2025-12-11,6,11,20,28,33,43,16,https://www.singaporepools.com.sg/en/product/sr/Pages/toto_results.aspx?sppl=RHJhd051bWJlcj00MTM4,2026-09-30
4137,2025-12-08,9,12,15,23,27,47,45,https://www.singaporepools.com.sg/en/product/sr/Pages/toto_results.aspx?sppl=RHJhd051bWJlcj00MTM3,2026-09-30
4136,2025-12-04,1,5,24,36,41,46,39,https://www.singaporepools.com.sg/en/product/sr/Pages/toto_results.aspx?sppl=RHJhd051bWJlcj00MTM2,2026-09-30
4135,2025-12-01,2,10,24,35,45,49,37,https://www.singaporepools.com.sg/en/product/sr/Pages/toto_results.aspx?sppl=RHJhd051bWJlcj00MTM1,2026-09-30
4134,2025-11-27,6,8,17,28,32,46,16,https://www.singaporepools.com.sg/en/product/sr/Pages/toto_results.aspx?sppl=RHJhd051bWJlcj00MTM0,2026-09-30
4133,2025-11-24,8,25,27,34,45,47,19,https://www.singaporepools.com.sg/en/product/sr/Pages/toto_results.aspx?sppl=RHJhd051bWJlcj00MTMz,2026-09-30
4132,2025-11-20,11,13,22,31,47,49,39,https://www.singaporepools.com.sg/en/product/sr/Pages/toto_results.aspx?sppl=RHJhd051bWJlcj00MTMy,2026-09-30
4131,2025-11-17,3,9,12,18,19,34,24,https://www.singaporepools.com.sg/en/product/sr/Pages/toto_results.aspx?sppl=RHJhd051bWJlcj00MTMx,2026-09-30
4130,2025-11-13,6,13,18,22,34,35,40,https://www.singaporepools.com.sg/en/product/sr/Pages/toto_results.aspx?sppl=RHJhd051bWJlcj00MTMw,2026-09-30
4129,2025-11-10,2,11,12,19,25,36,16,https://www.singaporepools.com.sg/en/product/sr/Pages/toto_results.aspx?sppl=RHJhd051bWJlcj00MTI5,2026-09-30
4128,2025-11-06,3,20,24,29,32,44,46,https://www.singaporepools.com.sg/en/product/sr/Pages/toto_results.aspx?sppl=RHJhd051bWJlcj00MTI4,2026-09-30
4127,2025-11-03,10,19,22,34,39,43,35,https://www.singaporepools.com.sg/en/product/sr/Pages/toto_results.aspx?sppl=RHJhd051bWJlcj00MTI3,2026-09-30
4126,2025-10-30,1,5,31,34,38,45,21,https://www.singaporepools.com.sg/en/product/sr/Pages/toto_results.aspx?sppl=RHJhd051bWJlcj00MTI2,2026-09-30
4125,2025-10-27,4,12,14,24,36,38,17,https://www.singaporepools.com.sg/en/product/sr/Pages/toto_results.aspx?sppl=RHJhd051bWJlcj00MTI1,2026-09-30
4124,2025-10-23,7,14,17,18,31,38,46,https://www.singaporepools.com.sg/en/product/sr/Pages/toto_results.aspx?sppl=RHJhd051bWJlcj00MTI0,2026-09-30
4123,2025-10-20,3,10,13,15,32,37,8,https://www.singaporepools.com.sg/en/product/sr/Pages/toto_results.aspx?sppl=RHJhd051bWJlcj00MTIz,2026-09-30
4122,2025-10-16,2,4,8,19,35,39,7,https://www.singaporepools.com.sg/en/product/sr/Pages/toto_results.aspx?sppl=RHJhd051bWJlcj00MTIy,2026-09-30
4121,2025-10-13,5,31,33,34,38,46,39,https://www.singaporepools.com.sg/en/product/sr/Pages/toto_results.aspx?sppl=RHJhd051bWJlcj00MTIx,2026-09-30
4120,2025-10-09,13,14,19,22,31,42,41,https://www.singaporepools.com.sg/en/product/sr/Pages/toto_results.aspx?sppl=RHJhd051bWJlcj00MTIw,2026-09-30
4119,2025-10-06,10,15,22,31,42,48,4,https://www.singaporepools.com.sg/en/product/sr/Pages/toto_results.aspx?sppl=RHJhd051bWJlcj00MTE5,2026-09-30
4118,2025-10-02,19,22,26,37,40,46,14,https://www.singaporepools.com.sg/en/product/sr/Pages/toto_results.aspx?sppl=RHJhd051bWJlcj00MTE4,2026-09-30
4117,2025-09-29,15,16,22,34,35,43,26,https://www.singaporepools.com.sg/en/product/sr/Pages/toto_results.aspx?sppl=RHJhd051bWJlcj00MTE3,2026-09-30
4116,2025-09-25,1,6,9,11,29,36,12,https://www.singaporepools.com.sg/en/product/sr/Pages/toto_results.aspx?sppl=RHJhd051bWJlcj00MTE2,2026-09-30
4115,2025-09-22,8,15,22,24,43,47,44,https://www.singaporepools.com.sg/en/product/sr/Pages/toto_results.aspx?sppl=RHJhd051bWJlcj00MTE1,2026-09-30
4114,2025-09-18,6,8,9,20,45,49,21,https://www.singaporepools.com.sg/en/product/sr/Pages/toto_results.aspx?sppl=RHJhd051bWJlcj00MTE0,2026-09-30
4113,2025-09-15,10,19,25,29,33,37,24,https://www.singaporepools.com.sg/en/product/sr/Pages/toto_results.aspx?sppl=RHJhd051bWJlcj00MTEz,2026-09-30
4112,2025-09-11,2,15,19,35,41,48,33,https://www.singaporepools.com.sg/en/product/sr/Pages/toto_results.aspx?sppl=RHJhd051bWJlcj00MTEy,2026-09-30
4111,2025-09-08,1,3,33,38,39,42,31,https://www.singaporepools.com.sg/en/product/sr/Pages/toto_results.aspx?sppl=RHJhd051bWJlcj00MTEx,2026-09-30
4110,2025-09-04,8,12,21,38,40,43,25,https://www.singaporepools.com.sg/en/product/sr/Pages/toto_results.aspx?sppl=RHJhd051bWJlcj00MTEw,2026-09-30
4109,2025-09-01,3,4,8,13,14,17,20,https://www.singaporepools.com.sg/en/product/sr/Pages/toto_results.aspx?sppl=RHJhd051bWJlcj00MTA5,2026-09-30
4108,2025-08-28,10,11,16,24,34,35,1,https://www.singaporepools.com.sg/en/product/sr/Pages/toto_results.aspx?sppl=RHJhd051bWJlcj00MTA4,2026-09-30
