mall,name,unit,status
Tampines Mall,Alchemist,#01-40 to 41,
Tampines Mall,Bee Cheng Hiang,#B1-14,
Tampines Mall,Bengawan Solo,#B1-15,
Tampines Mall,BreadTalk,#01-32,
Tampines Mall,Casa Vostra,#01-33A,
Tampines Mall,Cellarbration,#B1-K24,
Tampines Mall,Cut Butchery,#B1-16,
Tampines Mall,Din Tai Fung,"#02-01,02-31",
Tampines Mall,Dough Culture,#B1-K16,
Tampines Mall,Famous Amos,#B1-K15,
Tampines Mall,Fei Siong,#B1-K9,
Tampines Mall,Four Leaves,#B1-22,
Tampines Mall,GENKI SUSHI,#03-26 to 27,
Tampines Mall,Ging Sun Ho King of Bun,#B1-K17,
Tampines Mall,Gokoku Japanese Bakery,#B1-K7,
Tampines Mall,IM QALB by Pun Im,#04-02,
Tampines Mall,Kenangan Coffee,#01-48,
Tampines Mall,KFC,#01-47,
Tampines Mall,KOI Thé,#02-K10,
Tampines Mall,Kopitiam,#04-27 to 29,
Tampines Mall,Kuan Zhai Alley 宽窄巷子,#01-42 to 44,
Tampines Mall,Lee Wee & Brothers,#B1-K6,
Tampines Mall,Legendary Hong Kong,#B1-11,
Tampines Mall,LiHO,#B1-K5,
Tampines Mall,Lola's,#01-50,
Tampines Mall,MANGO ICE 杨小贤绵绵冰,#02-K3,
Tampines Mall,Nando's,#01-46,
Tampines Mall,PARIS BAGUETTE,#01-33,opening soon
Tampines Mall,PASTAMANIA,#04-21 to 22,
Tampines Mall,POLAR Puffs & Cakes,#B1-K14,
Tampines Mall,PUTIEN,#02-02,
Tampines Mall,Ritz Apple Strudel,#B1-K11,
Tampines Mall,ROYCE',#B1-21,
Tampines Mall,RUXU入续,#B1-K2 to K3,opening soon
Tampines Mall,saap saap thai x kaffe & toast,#B1-K1,
Tampines Mall,Seorae Jib / Pocha! Korean Street Dining,#B1-02,
Tampines Mall,Seoul Garden,#04-01,
Tampines Mall,So Pho,#04-30 to 31,
Tampines Mall,Steak 99 Plus,#04-19 to 20,
Tampines Mall,stuff'd,#B1-K13,
Tampines Mall,Super Sushi,#B1-K4,
Tampines Mall,Sushi Zanmai,#04-32,
Tampines Mall,Swensen's,#03-30,
Tampines Mall,TALAD THAI BANANA,#B1-K19,
Tampines Mall,Tanjong Rhu Pau,#B1-K10,
Tampines Mall,Teppan-yaki x Alley Wei,#B1-K21,
Tampines Mall,TOAST BOX,#01-32,
Tampines Mall,Tori-Q,#B1-K20,
Tampines Mall,Wingstop,#04-23 to 25,
Tampines Mall,YEAH GELATO 野人先生,#01-31C,
Tampines Mall,YGF MALATANG,#B1-10,
Tampines Mall,Yolé,#B1-K12,
Tampines 1,108 Matcha Saro,#02-K01,
Tampines 1,4FINGERS Crispy Chicken,#01-39/40,
Tampines 1,A Kitchen,#03-17,
Tampines 1,AMACHA 阿嬷茶语,#01-16,
Tampines 1,An Açaí Affair,#B1-15,
Tampines 1,Awfully Chocolate,#02-K03,
Tampines 1,Bari Bari Steak,#01-24/25/26,
Tampines 1,Boost Juice Bars,#01-63,
Tampines 1,Bottles & Bottles,#B1-28,
Tampines 1,BROTHERBIRD,#01-38,
Tampines 1,Cafe Bom Bom,#04-14,
Tampines 1,Cat & the Fiddle,#01-41/42,
Tampines 1,CHAGEE,#02-13/K12,
Tampines 1,Chateraise,#01-60/61,
Tampines 1,CHICHA San Chen,#B1-32,
Tampines 1,CHURNº,#02-K05,
Tampines 1,COLLIN’S®,#B1-07/08,
Tampines 1,Crystal Jade Hong Kong Kitchen,#04-04/05,
Tampines 1,Délifrance,#03-K03,
Tampines 1,Dian Xiao Er,#04-15,
Tampines 1,emicakes,#B1-13,
Tampines 1,fieldnotes,#B1-K10,
Tampines 1,Geláre Waffle & Ice Cream,#03-K06,opening soon
Tampines 1,Gochi-So Shokudo,#03-K02,
Tampines 1,Grains & Co,#B1-K14,
Tampines 1,Greendot,#B1-K08,
Tampines 1,Haruyama Udon®,#B1-09,
Tampines 1,Hawkers' Street,#05-06,
Tampines 1,Holla Juice,#B1-K03,
Tampines 1,Hong Kong Egglet / Nam Kee Pau,#B1-K17,
Tampines 1,I Love Taimei,#B1-K16,
Tampines 1,iSteaks,#05-04,
Tampines 1,Keming Hong Kong Chan Sat,#02-14/K06/K07,
Tampines 1,Killiney Coffee Cafe,#04-K02,
Tampines 1,Kuriya Japanese Market,#B1-K07,
Tampines 1,Lau Wang Claypot Delights,#03-16,
Tampines 1,llaollao,#02-K02,
Tampines 1,Luckin Coffee,#01-17/18,
Tampines 1,Malaysia Boleh,#B1-05/06,
Tampines 1,Mamma Mia Trattoria E Caffè,#04-09,
Tampines 1,Mei Kee Bakery,#B1-29,
Tampines 1,Mister Donut,#B1-K06,
Tampines 1,Monster Planet,#01-08/09/10,
Tampines 1,Mr Coconut,#B1-K19,
Tampines 1,Namu Bulgogi,#B1-K18,
Tampines 1,Nippon Bite,#B1-K13,
Tampines 1,OPPA Bibimbap,#02-05/06,
Tampines 1,PastaGo,#B1-K01,
Tampines 1,Pepper Lunch,#04-12,
Tampines 1,Pezzo,#01-62,
Tampines 1,PlayMade,#01-59,
Tampines 1,Plum Village,#04-K3,
Tampines 1,Potato Corner,#B1-K05,
Tampines 1,Rive Gauche Patisserie,#B1-14,
Tampines 1,rrooll,#B1-K04,
Tampines 1,Saizeriya,#04-23,
Tampines 1,Shiok Pan,#B1-K11,
Tampines 1,Sanook Kitchen,#03-25,
Tampines 1,Saute Saranghae,#05-08/09,
Tampines 1,Shabu Sai,#02-04,
Tampines 1,Sinpopo,#02-K04,
Tampines 1,Subway,#B1-K20,
Tampines 1,Sushi Plus,#B1-04,
Tampines 1,Sushi Tei,#04-13,
Tampines 1,Sushiro,#02-15/16/17,
Tampines 1,Tai Cheong Bakery,#B1-24,
Tampines 1,TANYU,#04-06/07/08,
Tampines 1,Tim Ho Wan,#01-43/44,
Tampines 1,Tiong Bahru Bakery,#01-19/20,
Tampines 1,Toast Box,#B1-16,
Tampines 1,TORI-Q,#B1-31,
Tampines 1,Tsuzumi Dango,#B1-K15,
Tampines 1,Tun Xiang,#03-K01,
Tampines 1,Wanpo Tea Shop,#B1-K02,
Tampines 1,Wine Connection Bistro,#01-21/22/23,
Tampines 1,WOK HEY,#B1-K12,
Tampines 1,Yakiniku Like,#B1-03,
Tampines 1,Yamazaki Boulangerie Chaude,#B1-30,
Tampines 1,Yew Kee Specialities,#B1-K09,
Tampines 1,Zhang Liang Mala Tang,#01-58,
Century Square,50 Years Taste Of Tradition,#01-33,
Century Square,Abundance,#01-35,
Century Square,Auntie Peng Banana Pie,#B1-33,
Century Square,Ayam Penyet President,#B1-20,
Century Square,Beard Papa’s,#B1-35,
Century Square,Big Fish Small Fish,#02-06,
Century Square,Bober Tea,#B1-27,
Century Square,Butahage,#01-11A,
Century Square,ChaPanda,#01-36,
Century Square,Dickson Nasi Lemak,#B1-32,
Century Square,Eat 3 Bowls,#B1-22,
Century Square,eCreative Cake,#B1-34,
Century Square,Four Seasons Durians,#B1-30,
Century Square,Fried Chicken Master,#B1-38,
Century Square,HaiDiLao Hot Pot,#02-22,
Century Square,Ichiban Boshi,#02-17/18/29,
Century Square,Ji De Chi Dessert,#B1-03,
Century Square,Jollibee,#01-09/10,
Century Square,KAZO,#B1-39,
Century Square,Krispy Kreme,#B1-29,
Century Square,Luckin Coffee,#01-31,
Century Square,Maki-San,#B1-26,
Century Square,Mincheng Bibimbap,#B1-11,
Century Square,Ministry of Rojak,#01-40,
Century Square,Mr. Coconut,#01-32,
Century Square,My Korean Mom’s Kimchi,#B1-28,
Century Square,Nan Yang Dao,#B1-18,
Century Square,Nine Fresh,#B1-25,
Century Square,Old Tea Hut,#01-32B,
Century Square,Saizeriya,#03-32/33,
Century Square,The SGFR Store,#B1-04,
Century Square,Starbucks,#01-11,
Century Square,SUKIYA,#01-21,
Century Square,Sushi Express,#03-20/21/30,
Century Square,Swee Choon,#01-01,
Century Square,Teahouse by Soup Restaurant,#01-20,
Century Square,Texas Chicken,#05-03,
Century Square,The Coffee Bean & Tea Leaf,#01-19,
Century Square,The Food Market by Food Junction,#03-19,
Century Square,The Original Vadai,#01-37,
Century Square,The Tree Cafe,#03-34,
Century Square,Tip Top Curry Puff,#01-38,
Century Square,Tongue Tip Lanzhou Beef Noodles,#01-42,
Century Square,Tonkotsu Kazan Ramen,#B1-10,
Century Square,Wok The Fish!,#03-05/31,
Century Square,XW Plus Western Grill,#02-20/27,
Century Square,Ya Kun Kaya Toast,#B1-21,
