id,name,mall,venue,unit,cuisine,status,directory_name,dish,dish_named_by,mentions,nutrition_source,nutrition_ref,portion,portion_count,match,nutrition_note
lolas-cafe,Lola's Cafe,Tampines Mall,,#01-50,cafe-bakery,open,Lola's,Pulled pork eggs Benedict,eatbook-tampines-2025,eatbook-tampines-2025;sethlui-tampinesmall-2026;dfd-tampinesmall-2025;hgw-tampines-2024;sgverified-tampines-2025;wtdit-tampinesmall-2025,fndds2024,2707180,1 egg,2,similar dish,"Two eggs Benedict; the pulled pork is not modelled."
botak-porridge,Botak Cantonese Porridge,Our Tampines Hub,Hawker Centre @ Our Tampines Hub,#01-65,chinese,open,,Minced pork century egg porridge,eatbook-oth-2024,eatbook-tampines-2025;eatbook-oth-2024;sethlui-oth-hawker-2022;getgo-oth-2025;hawkerpedia-oth-2025;kopitiamsg-oth-2026,fndds2024,2708981,1 cup,2,similar dish,"Congee with meat; the century egg is not modelled. A bowl is taken as two cups."
fieldnotes,fieldnotes,Tampines 1,,#B1-K10,cafe-bakery,open,fieldnotes,Honey yuzu slice,eatbook-tampines1-2026,eatbook-tampines-2025;eatbook-tampines1-2026;sethlui-tampines1-2026;hgw-tampines-2024;sgverified-tampines-2025,fndds2024,2707872,"1 piece/slice, any size",1,similar dish,"Cream cake. The standard FNDDS slice (200 g) may be larger than the shop's slice."
nikmat-nasi-lemak,Nikmat Nasi Lemak,Tampines 1,Hawkers' Street,#05-06,malay,open,Hawkers' Street,Wholesome lemak drumstick set,sethlui-hawkers-street-2024,sethlui-hawkers-street-2024;sethlui-tampines1-2026;middleclass-hawkers-street-2024;confirmgood-hawkers-street-2024;hgw-tampines-2024,yeo2021,Nasi Lemak,,,same dish,
tai-wah-pork-noodle,Tai Wah Pork Noodle,Tampines 1,Hawkers' Street,#05-06,chinese,open,Hawkers' Street,Pork noodle (bak chor mee),eatbook-tampines1-2026,sethlui-hawkers-street-2024;sethlui-tampines1-2026;middleclass-hawkers-street-2024;confirmgood-hawkers-street-2024;eatbook-tampines1-2026,yeo2021,Minced Meat Mee Pok,,,same dish,
tiong-bahru-chicken-rice,Tiong Bahru Hainanese Boneless Chicken Rice,Tampines 1,Hawkers' Street,#05-06,chinese,open,Hawkers' Street,Duo chicken rice set,eatbook-tampines1-2026,sethlui-hawkers-street-2024;sethlui-tampines1-2026;middleclass-hawkers-street-2024;confirmgood-hawkers-street-2024;eatbook-tampines1-2026,yeo2021,Steamed Chicken Rice,,,similar dish,"The set has steamed and roasted chicken; the reference is steamed chicken rice."
genki-sushi,Genki Sushi,Tampines Mall,,#03-26 to 27,japanese,open,GENKI SUSHI,Hamachi (yellowtail) sushi,sethlui-tampinesmall-2026,sethlui-tampinesmall-2026;sgverified-tampines-2025;wtdit-tampinesmall-2025;tampinessg-food-2026,fndds2024,2708971,1 piece,2,similar dish,"One plate of two fish-topped nigiri (tuna reference). A meal is usually several plates."
haruyama-udon,Haruyama Udon,Tampines 1,,#B1-09,japanese,open,Haruyama Udon®,Tenzaru (cold udon with tempura),eatbook-tampines1-2026,eatbook-tampines1-2026;sethlui-tampines1-2026;hgw-tampines-2024;sgverified-tampines-2025,fndds2024,2708352,"1 cup, cooked",2,generic equivalent,"Plain cooked noodles standing in for the udon; the tempura and dipping sauce are not modelled. A bowl is taken as two cups."
munchi-pancakes,Munchi Pancakes,Our Tampines Hub,Hawker Centre @ Our Tampines Hub,#01-67,dessert,open,,Peanut min jiang kueh,eatbook-oth-2024,eatbook-tampines-2025;eatbook-oth-2024;getgo-oth-2025;hawkerpedia-oth-2025,fndds2024,2708304,1 extra large pancake,1,generic equivalent,"A plain pancake standing in for the filled min jiang kueh; the peanut filling is not modelled."
matcha-saro,108 Matcha Saro,Tampines 1,,#02-K01,dessert,open,108 Matcha Saro,Matcha soft serve parfait deluxe,eatbook-tampines1-2026,eatbook-tampines-2025;eatbook-tampines1-2026;sethlui-tampines1-2026;sgverified-tampines-2025,fndds2024,2705634,1 cup,1,similar dish,"Soft-serve only; the parfait toppings are not modelled."
tanyu,TANYU,Tampines 1,,#04-06/07/08,chinese,open,TANYU,Grilled fish,eatbook-tampines-2025,eatbook-tampines-2025;eatbook-tampines1-2026;sethlui-tampines1-family-2025;sgverified-tampines-2025,,,,,,"A whole grilled fish is shared at the table, so there is no per-person reference."
pangs-hakka-ytf,Pang's Hakka Yong Tau Foo,Tampines 1,Hawkers' Street,#05-06,chinese,open,Hawkers' Street,Thunder tea rice,sethlui-hawkers-street-2024,sethlui-hawkers-street-2024;sethlui-tampines1-2026;middleclass-hawkers-street-2024;confirmgood-hawkers-street-2024,fndds2024,2709027,1 cup,2,generic equivalent,"Rice with mixed vegetables standing in for the bowl; the tea broth, peanuts and tofu are not modelled. A bowl is taken as two cups."
ging-sun-ho,Ging Sun Ho King of Bun,Tampines Mall,,#B1-K17,chinese,open,Ging Sun Ho King of Bun,Pan-fried pork soup buns (four),dfd-tampinesmall-2025,eatbook-tampines-2025;dfd-tampinesmall-2025;hgw-tampines-2024,fndds2024,2708705,"1 item, any size",4,similar dish,"Four pan-fried dumplings as the reference; a soup bun is probably heavier than the 25 g FNDDS item."
nandos,Nando's,Tampines Mall,,#01-46,western,open,Nando's,1/4 PERi-PERi chicken,sethlui-tampinesmall-2026,sethlui-tampinesmall-2026;sgverified-tampines-2025;wtdit-tampinesmall-2025,fndds2024,2705933,"1/2 chicken (yield after cooking, bone removed)",0.5,similar dish,"Roast chicken with skin, a quarter bird; sides are not included."
mister-donut,Mister Donut,Tampines 1,,#B1-K06,cafe-bakery,open,Mister Donut,Pon de Ring,eatbook-tampines1-2026,eatbook-tampines1-2026;sethlui-tampines1-2026;sgverified-tampines-2025,fndds2024,2708072,1 doughnut,1,similar dish,"Yeast doughnut reference; the Pon de Ring is made with tapioca flour."
koungs-wan-tan-mee,Koung's Wan Tan Mee,Tampines 1,Hawkers' Street,#05-06,chinese,open,Hawkers' Street,Dry wanton mee,eatbook-tampines1-2026,middleclass-hawkers-street-2024;confirmgood-hawkers-street-2024;eatbook-tampines1-2026,yeo2021,Char Siew Wanton Noodle,,,same dish,
jue-shi-lor-mee,Jue Shi Lor Mee,Our Tampines Hub,Hawker Centre @ Our Tampines Hub,#01-45,chinese,open,,Traditional lor mee,sethlui-oth-hawker-2022,sethlui-oth-hawker-2022;hawkerpedia-oth-2025;kopitiamsg-oth-2026,fndds2024,2706530,1 cup,2,generic equivalent,"Noodles with gravy standing in for the lor mee. A bowl is taken as two cups."
pj-western,P&J Western Food,Our Tampines Hub,Hawker Centre @ Our Tampines Hub,#01-69,western,open,,Chicken chop,sethlui-oth-hawker-2022,sethlui-oth-hawker-2022;hawkerpedia-oth-2025;kopitiamsg-oth-2026,fndds2024,2705949,1 piece,2,generic equivalent,"Fried coated chicken standing in for the chicken chop; the sides are not included."
swee-choon,Swee Choon Tim Sum Restaurant,Century Square,,#01-01,chinese,open,Swee Choon,Shanghai xiao long bao,sethlui-century-2025,sethlui-century-2025;dfd-century-2021;sgverified-tampines-2025,fndds2024,2708708,"1 item, any size",4,similar dish,"Four steamed dumplings; the basket size is assumed."
tongue-tip-lanzhou,Tongue Tip Lanzhou Beef Noodles,Century Square,,#01-42,chinese,open,Tongue Tip Lanzhou Beef Noodles,Signature beef noodles,sethlui-century-2025,sethlui-century-2025;dfd-century-2021;sgverified-tampines-2025,fndds2024,2707124,1 cup,2,similar dish,"Beef noodle soup (pho recipe) standing in for hand-pulled wheat noodles. A bowl is taken as two cups."
tree-cafe,The Tree Cafe,Century Square,,#03-34,western,open,The Tree Cafe,Rock honey chicken,sethlui-century-2025,sethlui-century-2025;hgw-tampines-2024;sgverified-tampines-2025,fndds2024,2706443,1 cup,1,generic equivalent,"Orange chicken standing in for the honey-glazed chicken; the sides are not included."
ippon-fusion-bowl,Ippon Fusion Bowl,Our Tampines Hub,Hawker Centre @ Our Tampines Hub,#01-72,japanese,open,,Ippon chicken rice bowl,eatbook-tampines-2025,eatbook-tampines-2025;eatbook-oth-2024;kopitiamsg-oth-2026,yeo2021,Roasted Chicken Rice,,,generic equivalent,"Japanese chicken rice bowl; the reference is Singapore roasted chicken rice."
ramen-hitoyoshi,Ramen Hitoyoshi,Our Tampines Hub,,#01-94/95,japanese,open,,Special chashu garlic tonkotsu ramen,getgo-oth-2025,eatbook-tampines-2025;eatbook-oth-2024;getgo-oth-2025,fndds2024,2709158,1 cup,2,similar dish,Ramen with meat and egg. A bowl is taken as two cups.
jiak-song-mee-hoon-kway,Jiak Song Mee Hoon Kway,Tampines 1,Hawkers' Street,#05-06,chinese,open,Hawkers' Street,Signature mee hoon kway,sethlui-hawkers-street-2024,sethlui-hawkers-street-2024;sethlui-tampines1-2026;confirmgood-hawkers-street-2024,yeo2021,Ban Mian Dry,,,similar dish,The stall's signature is served in soup; the measured reference is the dry version.
hjh-maimunah-mini,Hjh Maimunah Mini,Tampines Mall,Kopitiam,#04-27 to 29,malay,open,Kopitiam,Beef rendang with rice,wtdit-tampinesmall-2025,wtdit-tampinesmall-2025;wtdit-kopitiam-2026;tampinessg-food-2026,fndds2024,2706389,1 cup,2,similar dish,Beef curry with rice as the reference. A plate is taken as two cups.
alley-wei,Teppan-yaki x Alley Wei,Tampines Mall,,#B1-K21,chinese,open,Teppan-yaki x Alley Wei,Scallion pancake,sethlui-tampinesmall-2026,sethlui-tampinesmall-2026;sgverified-tampines-2025,fndds2024,2708343,1 pancake,4,generic equivalent,"A serving is taken as four thin pancakes; the pan-fried scallion version is richer than the reference."
mango-ice,Mango Ice,Tampines Mall,,#02-K3,dessert,open,MANGO ICE 杨小贤绵绵冰,Mango pomelo sago ice,sethlui-tampinesmall-2026,sethlui-tampinesmall-2026;sgverified-tampines-2025,fndds2024,2705696,1 cup,1,generic equivalent,"Tapioca pudding standing in for the sago dessert; the mango and pomelo are not modelled."
so-pho,So Pho,Tampines Mall,,#04-30 to 31,southeast-asian,open,So Pho,Sliced beef pho,sethlui-tampinesmall-2026,sethlui-tampinesmall-2026;sgverified-tampines-2025,fndds2024,2707124,1 cup,2,same dish,A bowl is taken as two cups.
swensens,Swensen's,Tampines Mall,,#03-30,western,open,Swensen's,Go Green lasagne,sethlui-tampinesmall-2026,sethlui-tampinesmall-2026;sgverified-tampines-2025,fndds2024,2708759,"1 piece (1/6 of 8"" square, approx 2-1/2"" x 4"")",1,similar dish,Meatless vegetable lasagne.
ahjuma-econ-bee-hoon,Ahjuma Econ Bee Hoon,Our Tampines Hub,Hawker Centre @ Our Tampines Hub,#01-31,chinese,open,,Fried bee hoon,kopitiamsg-oth-2026,hawkerpedia-oth-2025;kopitiamsg-oth-2026,yeo2021,Sin Chew Bee Hoon,,,similar dish,Economy bee hoon comes with sides the customer chooses; the reference is a plate of fried bee hoon.
fat-fat-food,Fat Fat Food Carrot Cake & Hokkien Mee,Our Tampines Hub,Hawker Centre @ Our Tampines Hub,#01-66,chinese,open,,Fried carrot cake,kopitiamsg-oth-2026,hawkerpedia-oth-2025;kopitiamsg-oth-2026,yeo2021,Fried Carrot Cake,,,same dish,
kaka-japanese-curry,Ka Ka Japanese Curry House,Our Tampines Hub,Hawker Centre @ Our Tampines Hub,#01-34,japanese,open,,Curry rice with pork cutlet,sethlui-oth-hawker-2022,sethlui-oth-hawker-2022;kopitiamsg-oth-2026,fndds2024,2706438,1 cup,2,generic equivalent,"Chicken curry with rice standing in for the curry rice; the breaded cutlet is not modelled. A plate is taken as two cups. SETHLUI.com calls the stall Japanese Curry House, at the same unit."
social-bite,Social Bite,Our Tampines Hub,Hawker Centre @ Our Tampines Hub,#01-63,malay,open,,Signature laksa,sethlui-oth-hawker-2022,sethlui-oth-hawker-2022;kopitiamsg-oth-2026,yeo2021,Laska,,,same dish,"Kopitiam.com.sg spells the stall Special Bite, at the same unit with the same dishes."
seoul-garden,Seoul Garden,Tampines Mall,,#04-01,korean,open,Seoul Garden,Korean barbecue and hotpot buffet,sgverified-tampines-2025,sgverified-tampines-2025;tampinessg-food-2026,,,,,,A buffet has no fixed portion.
butahage,Butahage,Century Square,,#01-11A,japanese,open,Butahage,Obihiro meibutsu butadon,eatbook-tampines-2025,eatbook-tampines-2025;sgverified-tampines-2025,fndds2024,2706515,1 cup,2,generic equivalent,"Plain pork with rice standing in for the grilled pork bowl. A bowl is taken as two cups."
legendary-hong-kong,Legendary Hong Kong,Tampines Mall,,#B1-11,chinese,open,Legendary Hong Kong,Hong Kong-style French toast,eatbook-tampines-2025,eatbook-tampines-2025;wtdit-tampinesmall-2025,fndds2024,2708333,"1 slice, any size",2,similar dish,Restaurant French toast; the deep-frying and peanut butter of the Hong Kong version are not modelled.
seorae-pocha,Seorae Jib / Pocha! Korean Street Dining,Tampines Mall,,#B1-02,korean,open,Seorae Jib / Pocha! Korean Street Dining,Tteokbokki,eatbook-tampines-2025,eatbook-tampines-2025;wtdit-tampinesmall-2025,fndds2024,2708957,1 cup,1,same dish,
indian-cuisine-oth,Indian Cuisine,Our Tampines Hub,Hawker Centre @ Our Tampines Hub,#01-59,indian,open,,Garlic butter naan,sethlui-oth-hawker-2022,sethlui-oth-hawker-2022;hawkerpedia-oth-2025,yeo2021,Naan,,,similar dish,The measured reference is a naan set with curries.
warung-wak-dindang,Warung Wak Dindang,Our Tampines Hub,Hawker Centre @ Our Tampines Hub,#01-58,malay,open,,Nasi ambeng,sethlui-oth-hawker-2022,sethlui-oth-hawker-2022;hawkerpedia-oth-2025,yeo2021,Nasi Ambang,,,same dish,
yi-de-fish-soup,Yi De Fish Soup,Our Tampines Hub,Hawker Centre @ Our Tampines Hub,#01-44,chinese,open,,Fried fish soup,sethlui-oth-hawker-2022,sethlui-oth-hawker-2022;hawkerpedia-oth-2025,fndds2024,2707143,1 cup,2,generic equivalent,"Fish soup standing in for the fried fish soup; the rice or noodles are not modelled. A bowl is taken as two cups. SETHLUI.com lists it as The Fish Soup 义德鱼汤, at the same unit."
yong-seng-heng,Yong Seng Heng Prawn Noodle,Our Tampines Hub,Hawker Centre @ Our Tampines Hub,#01-43,chinese,open,,Prawn noodles,sethlui-oth-hawker-2022,sethlui-oth-hawker-2022;hawkerpedia-oth-2025,fndds2024,2706557,1 cup,2,generic equivalent,"Shrimp and noodles in a soy-based sauce standing in for the prawn noodle soup. A bowl is taken as two cups."
haidilao,HaiDiLao Hot Pot,Century Square,,#02-22,chinese,open,HaiDiLao Hot Pot,Hotpot with tomato soup base,sethlui-century-2025,sethlui-century-2025;sgverified-tampines-2025,,,,,,Hotpot is shared and has no fixed portion.
isteaks,iSteaks,Tampines 1,,#05-04,western,open,iSteaks,Char-grilled striploin,sethlui-tampines1-family-2025,sethlui-tampines1-family-2025;sgverified-tampines-2025,fndds2024,2705835,1 regular,1,similar dish,Steak only; sides are not included.
ji-de-chi,Ji De Chi Dessert,Century Square,,#B1-03,dessert,open,Ji De Chi Dessert,Durian snowy ice,sethlui-century-2025,sethlui-century-2025;sgverified-tampines-2025,fndds2024,2705677,1 cup,1,generic equivalent,"Sherbet standing in for the shaved-ice dessert; the durian flavour is not modelled."
lau-wang-claypot,Lau Wang Claypot Delights,Tampines 1,,#03-16,chinese,open,Lau Wang Claypot Delights,Sesame chicken claypot,sethlui-tampines1-family-2025,sethlui-tampines1-family-2025;sgverified-tampines-2025,fndds2024,2705939,"1 cup, cooked, diced",1,generic equivalent,"Stewed chicken standing in for the claypot chicken; the sesame and vegetables are not modelled."
shabu-sai,Shabu Sai,Tampines 1,,#02-04,japanese,open,Shabu Sai,Shabu-shabu buffet,sethlui-tampines1-family-2025,sethlui-tampines1-family-2025;sgverified-tampines-2025,,,,,,A buffet has no fixed portion.
tun-xiang,Tun Xiang,Tampines 1,,#03-K01,chinese,open,Tun Xiang,Iberico pork belly char siew rice,sethlui-tampines1-family-2025,sethlui-tampines1-family-2025;sgverified-tampines-2025,fndds2024,2706399,1 slice,3,generic equivalent,"Barbecue pork with sauce standing in for the char siew; the rice is not modelled. Three slices are taken as the pork serving."
zhang-liang-mala-tang,Zhang Liang Mala Tang,Tampines 1,,#01-58,chinese,open,Zhang Liang Mala Tang,Mala tang (priced by weight),sethlui-tampines1-family-2025,sethlui-tampines1-family-2025;sgverified-tampines-2025,,,,,,Each bowl is built and weighed by the customer.
gong-yuan-ma-la-tang,Gong Yuan Ma La Tang,Our Tampines Hub,,#01-96/97,chinese,open,,Pork and chive dumplings (six),getgo-oth-2025,eatbook-oth-2024;getgo-oth-2025,fndds2024,2708708,"1 item, any size",6,similar dish,Six steamed dumplings.
penang-savour,Penang Savour,Our Tampines Hub,,#B1-K10,southeast-asian,open,,Penang fried kway teow,eatbook-oth-2024,eatbook-oth-2024;getgo-oth-2025,yeo2021,Char Kuay Teow,,,similar dish,The measured reference is the Singapore-style dish.
saap-saap-thai,Saap Saap Thai,Our Tampines Hub,,#01-100,southeast-asian,open,,Signature beef boat noodle,getgo-oth-2025,eatbook-oth-2024;getgo-oth-2025,,,,,,
rumah-makan-minang,Rumah Makan Minang,Our Tampines Hub,,#B1-47A,malay,open,,Beef rendang set,eatbook-oth-2024,eatbook-oth-2024;hgw-tampines-2024,,,,,,
old-teochew,Old Teochew Satay Bee Hoon & Mee Siam,Tampines 1,Hawkers' Street,#05-06,chinese,open,Hawkers' Street,Satay bee hoon,sethlui-hawkers-street-2024,sethlui-hawkers-street-2024;confirmgood-hawkers-street-2024,,,,,,
garden-street-kway-chap,Garden Street Kway Chap,Tampines 1,Hawkers' Street,#05-06,chinese,open,Hawkers' Street,Kway chap set for one,confirmgood-hawkers-street-2024,middleclass-hawkers-street-2024;confirmgood-hawkers-street-2024,,,,,,
hill-street-curry-rice,Hill Street Hainanese Curry Rice,Tampines 1,Hawkers' Street,#05-06,chinese,open,Hawkers' Street,Prawn roll curry rice,middleclass-hawkers-street-2024,middleclass-hawkers-street-2024;confirmgood-hawkers-street-2024,,,,,,
fire-western,Fire Western 'N' Grill,Tampines 1,Hawkers' Street,#05-06,western,open,Hawkers' Street,Hawaiian chicken,middleclass-hawkers-street-2024,middleclass-hawkers-street-2024;confirmgood-hawkers-street-2024,,,,,,
tokyo-shokudo,Tokyo Shokudo,Tampines Mall,,#04-02,japanese,closed,,Chicken cha shu ramen,sethlui-tampinesmall-2026,sethlui-tampinesmall-2026;sgverified-tampines-2025,,,,,,Unit #04-02 is listed as IM QALB by Pun Im.
wunderfolks,Wunderfolks,Tampines Mall,,#01-40,cafe-bakery,closed,,Tarts,eatbook-tampines-2025,eatbook-tampines-2025;sgverified-tampines-2025,,,,,,Unit #01-40 is listed as Alchemist.
sos-chicken,S.O.S Chicken,Tampines 1,,#01-21/22/23,western,closed,,Half chicken,eatbook-tampines-2025,eatbook-tampines-2025;sgverified-tampines-2025,,,,,,Unit #01-21/22/23 is listed as Wine Connection Bistro.
gelare,Geláre Waffle & Ice Cream,Tampines 1,,#03-K06,dessert,not yet open,,Banana split,sethlui-tampines1-family-2025,sethlui-tampines1-family-2025;sgverified-tampines-2025,,,,,,The directory lists the outlet as coming soon.
kanada-ya,Kanada-Ya,Century Square,,#01-34,japanese,closed,,Kotteri tonkotsu ramen,sethlui-century-2025,sethlui-century-2025;dfd-century-2021,,,,,,The Century Square directory no longer lists it.
kenny-rogers,Kenny Rogers Roasters,Century Square,,#02-20/27,western,closed,,Kenny's quarter meal,sethlui-century-2025,sethlui-century-2025;sgverified-tampines-2025,,,,,,Unit #02-20/27 is listed as XW Plus Western Grill.
the-meathouse,The MeatHöuse,Century Square,,#05-04,western,closed,,Black Angus striploin,eatbook-century-2018,eatbook-century-2018;sgverified-tampines-2025,,,,,,The Century Square directory no longer lists it.
mahota-kitchen,Mahota Kitchen,Century Square,,#01-11,cafe-bakery,closed,,Pineapple coconut jelly cake,sethlui-tampines-2026,eatbook-century-2018;sethlui-tampines-2026,,,,,,Unit #01-11 is listed as Starbucks.
