table,group,dish_as_published,portion_g,energy_kj_per_100g,protein_g_per_100g,fat_g_per_100g,carbohydrate_g_per_100g,serving_table,serving_dish_as_published,serving_kcal,serving_protein_g,serving_fat_g,serving_carbohydrate_g
1,Chinese,Steamed Chicken Rice,412,789,9.3,7.4,21.2,4,Steamed Chicken Rice,778,38,30,88
1,Chinese,Roasted Chicken Rice,285,768,8.3,6.3,23.4,4,Roasted Chicken Rice,524,24,18,67
1,Chinese,Char Kuay Teow,362,762,4.0,6.3,27.4,4,Char Kuay Teow,659,15,23,99
1,Chinese,Yang Zhou Fried Rice,388,746,5.8,4.9,27.7,4,Yang Zhou Fried Rice,475,23,19,107
1,Chinese,Fried Carrot Cake,271,732,9.0,11.5,8.9,4,Fried Carrot Cake,475,25,31,24
1,Chinese,Sin Chew Bee Hoon,386,689,6.6,5.2,22.7,4,Sin Chew Bee Hoon,635,26,20,88
1,Chinese,Minced Meat Mee Pok,383,677,8.3,6.9,16.6,4,Minced Meat Mee Pok,620,32,26,64
1,Chinese,Economical Mee Goreng,350,677,3.5,2.2,31.9,4,Economical Mee Goreng,566,12,8,112
1,Chinese,Lor Mai Kai,354,646,4.2,1.7,30.6,4,Lor Mai Kai,547,15,6,108
1,Chinese,Laska,577,639,8.0,5.3,18.3,4,Laska,881,46,30,106
1,Chinese,Ban Mian Dry,311,621,6.7,4.0,21.3,4,Ban Mian Dry,462,21,13,66
1,Chinese,Steamed Chicken Noodle,367,600,10.8,3.3,17.4,4,Steamed Chicken Noodle,527,40,12,64
1,Chinese,Fried Hokkien Mee,328,569,5.5,1.5,25.1,4,Fried Hokkien Mee,446,18,5,82
1,Chinese,Char Siew Wanton Noodle,335,502,7.9,1.6,18.4,4,Char Siew Wanton Noodle,402,27,5,62
1,Chinese,Dumpling You Mian,761,496,5.5,2.6,18.2,4,Dumpling You Mian,903,42,20,139
2,Malay,Ayam Penyet,425,849,8.9,9.0,21.7,5,Ayam Penyet,862,38,38,92
2,Malay,Nasi Kampung Goreng,405,798,7.1,7.1,24.6,5,Nasi Kampung Goreng,772,29,29,100
2,Malay,Nasi Lemak,395,785,9.2,9.0,17.7,5,Nasi Lemak,741,36,35,70
2,Malay,Ikan Penyet,274,765,7.8,7.0,22.2,5,Ikan Penyet,502,21,19,61
2,Malay,Nasi Ambang,630,733,9.2,7.2,18.3,5,Nasi Ambang Chicken,1104,58,46,115
2,Malay,Goreng Pisang,415,733,0.4,5.6,30.9,5,Goreng Pisang,727,2,23,128
2,Malay,Tahu Goreng,402,690,10.3,9.9,8.8,5,Tahu Goreng Set,664,41,40,35
2,Malay,Mee Soto,281,640,9.2,2.9,20.3,5,Mee Soto,406,26,8,57
2,Malay,Mee Bandung,466,622,7.5,5.2,18.1,5,Mee Bandung,693,35,24,84
2,Malay,Mee Bakso,435,611,5.7,2.2,25.9,5,Mee Bakso,635,25,9,113
2,Malay,Lotong,269,593,8.2,6.6,12.4,5,Lotong,381,22,18,33
2,Malay,Mee Siam,566,590,4.9,2.7,24.3,5,Mee Siam,798,28,15,138
2,Malay,Kentang Ball with Rice Cube,424,490,5.4,3.9,15.1,5,Kentang Ball with Rice Cube,496,23,17,64
2,Malay,Soto Ayam,693,481,6.2,1.5,19.1,5,Soto Ayam,797,43,10,133
2,Malay,Mee Rebus,582,472,3.7,2.4,19.0,5,Mee Rebus,655,21,14,111
3,Indian,Original Appam,344,1042,2.9,5.4,47.1,6,Original Appam,941,27,20,164
3,Indian,Egg Appam,304,884,4.2,6.4,34.7,6,Egg Appam,642,12,19,106
3,Indian,Roti Prata,246,869,2.5,6.2,35.5,6,Roti Prata,511,6,15,87
3,Indian,Egg Prata with Chicken Curry,477,782,7.7,7.1,23.1,6,Egg Prata,891,37,34,110
3,Indian,Boneless Mutton Biryani,459,728,8.7,8.9,14.7,6,Boneless Mutton Biryani,799,40,41,67
3,Indian,Poori Set,474,715,6.6,6.8,21.0,6,Poori Set,811,31,32,100
3,Indian,Marsala Thosai,569,714,7.0,6.9,20.2,6,Marsala Thosai,971,40,39,115
3,Indian,Naan,597,697,5.2,3.9,27.5,6,Naan Set,995,31,23,164
3,Indian,Chapatti Set with Potato,336,695,6.0,6.1,21.8,6,Chapati Set with Potato,558,20,21,73
3,Indian,Putu Mayam,193,678,1.8,2.6,32.8,6,Putu Mayam,312,4,5,63
3,Indian,Chapatti Set with Potato Marsala,603,652,4.5,3.2,27.2,6,Chapati Set with Potato Marsala,941,27,20,164
3,Indian,Idli Set,389,639,6.1,6.5,17.4,6,Idli Set,594,24,25,68
3,Indian,Egg Thosai,325,623,7.5,5.7,17.0,6,Egg Thosai,484,24,19,55
3,Indian,Vegetable Biryani,640,595,4.2,5.6,18.8,6,Vegetable Biryani,911,27,36,120
3,Indian,Veg Set Meal (Biryani Rice),513,521,3.6,3.2,20.3,6,Veg Set Meal,646,19,17,104
