activity_id,population_id,population,years,n_respondents,participation_rate,minutes_when_performed,minutes_per_day_all,atus_codes
sleeping,all,"Civilian noninstitutional population age 15+, all days",2014-2016,32990,0.9990,528.9,528.3,0101 Sleeping
eating,all,"Civilian noninstitutional population age 15+, all days",2014-2016,32990,0.9508,67.3,64.0,1101 Eating and drinking
preparing-food,all,"Civilian noninstitutional population age 15+, all days",2014-2016,32990,0.5327,51.2,27.3,020201 Food and drink preparation
housework,all,"Civilian noninstitutional population age 15+, all days",2014-2016,32990,0.3565,95.4,34.0,0201 Housework
lawn-garden,all,"Civilian noninstitutional population age 15+, all days",2014-2016,32990,0.0981,117.2,11.5,"0205 Lawn, garden, and houseplants"
shopping,all,"Civilian noninstitutional population age 15+, all days",2014-2016,32990,0.3981,54.1,21.5,"0701 Shopping (store, telephone, internet)"
childcare,all,"Civilian noninstitutional population age 15+, all days",2014-2016,32990,0.2081,116.0,24.1,0301-0303 Caring for and helping household children
adult-care,all,"Civilian noninstitutional population age 15+, all days",2014-2016,32990,0.0586,40.3,2.4,0304-0305 Caring for and helping household adults
working,all,"Civilian noninstitutional population age 15+, all days",2014-2016,32990,0.4243,458.2,194.4,0501 Working
commuting,all,"Civilian noninstitutional population age 15+, all days",2014-2016,32990,0.3532,45.4,16.0,180501 Travel related to working
attending-class,all,"Civilian noninstitutional population age 15+, all days",2014-2016,32990,0.0504,299.2,15.1,0601 Taking class
homework,all,"Civilian noninstitutional population age 15+, all days",2014-2016,32990,0.0578,173.4,10.0,0603 Research/homework
socializing,all,"Civilian noninstitutional population age 15+, all days",2014-2016,32990,0.3713,109.9,40.8,1201 Socializing and communicating; 1202 Attending or hosting social events
relaxing,all,"Civilian noninstitutional population age 15+, all days",2014-2016,32990,0.1972,90.2,17.8,"120301 Relaxing, thinking"
watching-tv,all,"Civilian noninstitutional population age 15+, all days",2014-2016,32990,0.7962,209.2,166.6,120303 Television and movies (not religious); 120304 Television (religious)
gaming,all,"Civilian noninstitutional population age 15+, all days",2014-2016,32990,0.1092,127.5,13.9,120307 Playing games
computer,all,"Civilian noninstitutional population age 15+, all days",2014-2016,32990,0.1250,93.5,11.7,120308 Computer use for leisure (excluding games)
reading,all,"Civilian noninstitutional population age 15+, all days",2014-2016,32990,0.2062,90.3,18.6,120312 Reading for personal interest
exercising,all,"Civilian noninstitutional population age 15+, all days",2014-2016,32990,0.2014,90.8,18.3,"1301 Participating in sports, exercise, or recreation"
religious,all,"Civilian noninstitutional population age 15+, all days",2014-2016,32990,0.0955,94.6,9.0,14 Religious and spiritual activities
volunteering,all,"Civilian noninstitutional population age 15+, all days",2014-2016,32990,0.0608,130.3,7.9,15 Volunteer activities
phone,all,"Civilian noninstitutional population age 15+, all days",2014-2016,32990,0.1330,45.7,6.1,16 Telephone calls
sleeping,weekday,"Age 15+, Monday-Friday diary days",2014-2016,16627,0.9991,514.2,513.8,0101 Sleeping
eating,weekday,"Age 15+, Monday-Friday diary days",2014-2016,16627,0.9522,65.0,61.9,1101 Eating and drinking
preparing-food,weekday,"Age 15+, Monday-Friday diary days",2014-2016,16627,0.5439,48.9,26.6,020201 Food and drink preparation
housework,weekday,"Age 15+, Monday-Friday diary days",2014-2016,16627,0.3413,90.8,31.0,0201 Housework
lawn-garden,weekday,"Age 15+, Monday-Friday diary days",2014-2016,16627,0.0922,108.1,10.0,"0205 Lawn, garden, and houseplants"
shopping,weekday,"Age 15+, Monday-Friday diary days",2014-2016,16627,0.3788,48.4,18.3,"0701 Shopping (store, telephone, internet)"
childcare,weekday,"Age 15+, Monday-Friday diary days",2014-2016,16627,0.2194,111.7,24.5,0301-0303 Caring for and helping household children
adult-care,weekday,"Age 15+, Monday-Friday diary days",2014-2016,16627,0.0605,39.2,2.4,0304-0305 Caring for and helping household adults
working,weekday,"Age 15+, Monday-Friday diary days",2014-2016,16627,0.5087,479.2,243.8,0501 Working
commuting,weekday,"Age 15+, Monday-Friday diary days",2014-2016,16627,0.4393,46.1,20.2,180501 Travel related to working
attending-class,weekday,"Age 15+, Monday-Friday diary days",2014-2016,16627,0.0676,303.2,20.5,0601 Taking class
homework,weekday,"Age 15+, Monday-Friday diary days",2014-2016,16627,0.0620,165.3,10.2,0603 Research/homework
socializing,weekday,"Age 15+, Monday-Friday diary days",2014-2016,16627,0.3521,94.3,33.2,1201 Socializing and communicating; 1202 Attending or hosting social events
relaxing,weekday,"Age 15+, Monday-Friday diary days",2014-2016,16627,0.2070,83.2,17.2,"120301 Relaxing, thinking"
watching-tv,weekday,"Age 15+, Monday-Friday diary days",2014-2016,16627,0.7880,195.3,153.9,120303 Television and movies (not religious); 120304 Television (religious)
gaming,weekday,"Age 15+, Monday-Friday diary days",2014-2016,16627,0.1055,117.1,12.4,120307 Playing games
computer,weekday,"Age 15+, Monday-Friday diary days",2014-2016,16627,0.1279,91.4,11.7,120308 Computer use for leisure (excluding games)
reading,weekday,"Age 15+, Monday-Friday diary days",2014-2016,16627,0.2080,85.5,17.8,120312 Reading for personal interest
exercising,weekday,"Age 15+, Monday-Friday diary days",2014-2016,16627,0.2058,83.0,17.1,"1301 Participating in sports, exercise, or recreation"
religious,weekday,"Age 15+, Monday-Friday diary days",2014-2016,16627,0.0699,72.5,5.1,14 Religious and spiritual activities
volunteering,weekday,"Age 15+, Monday-Friday diary days",2014-2016,16627,0.0602,122.4,7.4,15 Volunteer activities
phone,weekday,"Age 15+, Monday-Friday diary days",2014-2016,16627,0.1364,44.1,6.0,16 Telephone calls
sleeping,weekend,"Age 15+, Saturday-Sunday diary days",2014-2016,16363,0.9989,565.5,564.8,0101 Sleeping
eating,weekend,"Age 15+, Saturday-Sunday diary days",2014-2016,16363,0.9474,72.9,69.0,1101 Eating and drinking
preparing-food,weekend,"Age 15+, Saturday-Sunday diary days",2014-2016,16363,0.5046,57.3,28.9,020201 Food and drink preparation
housework,weekend,"Age 15+, Saturday-Sunday diary days",2014-2016,16363,0.3943,105.2,41.5,0201 Housework
lawn-garden,weekend,"Age 15+, Saturday-Sunday diary days",2014-2016,16363,0.1128,135.8,15.3,"0205 Lawn, garden, and houseplants"
shopping,weekend,"Age 15+, Saturday-Sunday diary days",2014-2016,16363,0.4464,66.3,29.6,"0701 Shopping (store, telephone, internet)"
childcare,weekend,"Age 15+, Saturday-Sunday diary days",2014-2016,16363,0.1800,129.2,23.2,0301-0303 Caring for and helping household children
adult-care,weekend,"Age 15+, Saturday-Sunday diary days",2014-2016,16363,0.0539,43.4,2.3,0304-0305 Caring for and helping household adults
working,weekend,"Age 15+, Saturday-Sunday diary days",2014-2016,16363,0.2133,333.0,71.0,0501 Working
commuting,weekend,"Age 15+, Saturday-Sunday diary days",2014-2016,16363,0.1377,39.8,5.5,180501 Travel related to working
attending-class,weekend,"Age 15+, Saturday-Sunday diary days",2014-2016,16363,0.0075,208.5,1.6,0601 Taking class
homework,weekend,"Age 15+, Saturday-Sunday diary days",2014-2016,16363,0.0472,200.2,9.5,0603 Research/homework
socializing,weekend,"Age 15+, Saturday-Sunday diary days",2014-2016,16363,0.4196,142.7,59.9,1201 Socializing and communicating; 1202 Attending or hosting social events
relaxing,weekend,"Age 15+, Saturday-Sunday diary days",2014-2016,16363,0.1729,111.1,19.2,"120301 Relaxing, thinking"
watching-tv,weekend,"Age 15+, Saturday-Sunday diary days",2014-2016,16363,0.8168,242.9,198.4,120303 Television and movies (not religious); 120304 Television (religious)
gaming,weekend,"Age 15+, Saturday-Sunday diary days",2014-2016,16363,0.1184,150.5,17.8,120307 Playing games
computer,weekend,"Age 15+, Saturday-Sunday diary days",2014-2016,16363,0.1180,99.1,11.7,120308 Computer use for leisure (excluding games)
reading,weekend,"Age 15+, Saturday-Sunday diary days",2014-2016,16363,0.2018,102.5,20.7,120312 Reading for personal interest
exercising,weekend,"Age 15+, Saturday-Sunday diary days",2014-2016,16363,0.1902,112.2,21.3,"1301 Participating in sports, exercise, or recreation"
religious,weekend,"Age 15+, Saturday-Sunday diary days",2014-2016,16363,0.1595,118.9,19.0,14 Religious and spiritual activities
volunteering,weekend,"Age 15+, Saturday-Sunday diary days",2014-2016,16363,0.0622,149.2,9.3,15 Volunteer activities
phone,weekend,"Age 15+, Saturday-Sunday diary days",2014-2016,16363,0.1245,50.0,6.2,16 Telephone calls
sleeping,drm-like,"Employed women age 18+ who worked on a Monday-Friday diary day (mirrors the Kahneman et al. 2004 sample definition, not its location)",2014-2016,4050,0.9996,478.1,477.8,0101 Sleeping
eating,drm-like,"Employed women age 18+ who worked on a Monday-Friday diary day (mirrors the Kahneman et al. 2004 sample definition, not its location)",2014-2016,4050,0.9441,58.3,55.0,1101 Eating and drinking
preparing-food,drm-like,"Employed women age 18+ who worked on a Monday-Friday diary day (mirrors the Kahneman et al. 2004 sample definition, not its location)",2014-2016,4050,0.6397,42.1,26.9,020201 Food and drink preparation
housework,drm-like,"Employed women age 18+ who worked on a Monday-Friday diary day (mirrors the Kahneman et al. 2004 sample definition, not its location)",2014-2016,4050,0.3635,62.5,22.7,0201 Housework
lawn-garden,drm-like,"Employed women age 18+ who worked on a Monday-Friday diary day (mirrors the Kahneman et al. 2004 sample definition, not its location)",2014-2016,4050,0.0436,64.2,2.8,"0205 Lawn, garden, and houseplants"
shopping,drm-like,"Employed women age 18+ who worked on a Monday-Friday diary day (mirrors the Kahneman et al. 2004 sample definition, not its location)",2014-2016,4050,0.3887,37.2,14.5,"0701 Shopping (store, telephone, internet)"
childcare,drm-like,"Employed women age 18+ who worked on a Monday-Friday diary day (mirrors the Kahneman et al. 2004 sample definition, not its location)",2014-2016,4050,0.3014,87.3,26.3,0301-0303 Caring for and helping household children
adult-care,drm-like,"Employed women age 18+ who worked on a Monday-Friday diary day (mirrors the Kahneman et al. 2004 sample definition, not its location)",2014-2016,4050,0.0495,25.1,1.2,0304-0305 Caring for and helping household adults
working,drm-like,"Employed women age 18+ who worked on a Monday-Friday diary day (mirrors the Kahneman et al. 2004 sample definition, not its location)",2014-2016,4050,1.0000,450.9,450.9,0501 Working
commuting,drm-like,"Employed women age 18+ who worked on a Monday-Friday diary day (mirrors the Kahneman et al. 2004 sample definition, not its location)",2014-2016,4050,0.8595,40.8,35.0,180501 Travel related to working
attending-class,drm-like,"Employed women age 18+ who worked on a Monday-Friday diary day (mirrors the Kahneman et al. 2004 sample definition, not its location)",2014-2016,4050,0.0297,174.2,5.2,0601 Taking class
homework,drm-like,"Employed women age 18+ who worked on a Monday-Friday diary day (mirrors the Kahneman et al. 2004 sample definition, not its location)",2014-2016,4050,0.0361,142.1,5.1,0603 Research/homework
socializing,drm-like,"Employed women age 18+ who worked on a Monday-Friday diary day (mirrors the Kahneman et al. 2004 sample definition, not its location)",2014-2016,4050,0.3228,69.9,22.6,1201 Socializing and communicating; 1202 Attending or hosting social events
relaxing,drm-like,"Employed women age 18+ who worked on a Monday-Friday diary day (mirrors the Kahneman et al. 2004 sample definition, not its location)",2014-2016,4050,0.1910,50.7,9.7,"120301 Relaxing, thinking"
watching-tv,drm-like,"Employed women age 18+ who worked on a Monday-Friday diary day (mirrors the Kahneman et al. 2004 sample definition, not its location)",2014-2016,4050,0.7035,124.3,87.4,120303 Television and movies (not religious); 120304 Television (religious)
gaming,drm-like,"Employed women age 18+ who worked on a Monday-Friday diary day (mirrors the Kahneman et al. 2004 sample definition, not its location)",2014-2016,4050,0.0582,64.4,3.7,120307 Playing games
computer,drm-like,"Employed women age 18+ who worked on a Monday-Friday diary day (mirrors the Kahneman et al. 2004 sample definition, not its location)",2014-2016,4050,0.1242,61.4,7.6,120308 Computer use for leisure (excluding games)
reading,drm-like,"Employed women age 18+ who worked on a Monday-Friday diary day (mirrors the Kahneman et al. 2004 sample definition, not its location)",2014-2016,4050,0.1931,61.8,11.9,120312 Reading for personal interest
exercising,drm-like,"Employed women age 18+ who worked on a Monday-Friday diary day (mirrors the Kahneman et al. 2004 sample definition, not its location)",2014-2016,4050,0.1780,57.7,10.3,"1301 Participating in sports, exercise, or recreation"
religious,drm-like,"Employed women age 18+ who worked on a Monday-Friday diary day (mirrors the Kahneman et al. 2004 sample definition, not its location)",2014-2016,4050,0.0631,55.8,3.5,14 Religious and spiritual activities
volunteering,drm-like,"Employed women age 18+ who worked on a Monday-Friday diary day (mirrors the Kahneman et al. 2004 sample definition, not its location)",2014-2016,4050,0.0582,96.9,5.6,15 Volunteer activities
phone,drm-like,"Employed women age 18+ who worked on a Monday-Friday diary day (mirrors the Kahneman et al. 2004 sample definition, not its location)",2014-2016,4050,0.1337,36.3,4.9,16 Telephone calls
