drm_label,positive_affect,negative_affect,competent,impatient,tired,mean_hours_per_day,proportion_reporting
Intimate relations,5.10,0.36,4.57,0.74,3.09,0.2,0.11
Socializing,4.59,0.57,4.32,1.20,2.33,2.3,0.65
Relaxing,4.42,0.51,4.05,0.84,3.44,2.2,0.77
Pray/worship/meditate,4.35,0.59,4.45,1.04,2.95,0.4,0.23
Eating,4.34,0.59,4.12,0.95,2.55,2.2,0.94
Exercising,4.31,0.50,4.26,1.58,2.42,0.2,0.16
Watching TV,4.19,0.58,3.95,1.02,3.54,2.2,0.75
Shopping,3.95,0.74,4.26,2.08,2.66,0.4,0.30
Preparing food,3.93,0.69,4.20,1.54,3.11,1.1,0.62
On the phone,3.92,0.85,4.35,1.92,2.92,2.5,0.61
Napping,3.87,0.60,3.26,0.91,4.30,0.9,0.43
Taking care of my children,3.86,0.91,4.19,1.95,3.56,1.1,0.36
Computer/e-mail/Internet,3.81,0.80,4.57,1.93,2.62,1.9,0.47
Housework,3.73,0.77,4.23,2.11,3.40,1.1,0.49
Working,3.62,0.97,4.45,2.70,2.42,6.9,1.00
Commuting,3.45,0.89,4.09,2.60,2.75,1.6,0.87
