source_id,title,type,status,url,notes
judgement,Author judgement for this build (category priors and per-action overrides),heuristic,used,,Ordinal 0-4 estimates. Not measured. Every field that uses it is labelled JUDGEMENT.
model,"This page's model: formulas that transform the judged facts into fit, classes and lens rankings",model,used,,Formulas are shown on the page under Method. MODEL values inherit the confidence of their inputs.
singapore,"Singapore context assumptions: daylight about 07:00-19:15, midday heat 11:00-16:00, typical opening hours",heuristic,used,,Stored as a Singapore adjustment separate from the global prior; switch it off to see the global prior alone.
personal,Your own decision history in this browser,personal,used when present,,Shown with its sample size n. Not used to change rankings.
onet,O*NET occupational task database,observational,planned; not retrieved (network blocked in the build environment),,Would ground work-task actions.
atus2014_2016,"American Time Use Survey microdata 2014-2016 (BLS), via the CRAN atus 0.2 mirror, commit 1049d1d",observational,"used: participation and minutes per ATUS code, recomputed by derive_atus.py",https://github.com/cran/atus,"U.S. civilian population age 15+, n = 32,990 diary days, weight TUFNWGTP. Primary activity only. Time-of-day is not in this mirror, so typical-time curves stay judgement."
kahneman2004,"Kahneman, Krueger, Schkade, Schwarz & Stone (2004), Day Reconstruction Method, Science 306:1776, Table 1",observational,used: affect ratings for 16 activity groups (transcribed in visuals/everyday-actions),https://doi.org/10.1126/science.1103572,909 employed women in Texas who worked on the reference day; 0-6 ratings.
oecd-tus,OECD time-use database,survey,planned; not retrieved,,Cross-country typical durations.
sg-tus,Singapore time-use survey and data.gov.sg datasets,survey,planned; not retrieved,,Singapore-specific timing and opening hours.
health-reviews,"Systematic reviews on exercise, sleep, meal timing and injury risk",review,planned; not retrieved,,"Would replace judged health, timing and tail-risk fields."
liu2023,"Liu, P. J., Rim, S., Min, L., & Min, K. E. (2023). The surprise of reaching out: Appreciated more than we think. Journal of Personality and Social Psychology, 124(4), 754-771.",experiments,"used: Across preregistered experiments, people who reached out to someone in their social circle underestimated how much the recipient appreciated it.",https://doi.org/10.1037/pspi0000402,Abstract-level finding only; no effect sizes are shown.
kumar2018,"Kumar, A., & Epley, N. (2018). Undervaluing gratitude: Expressers misunderstand the consequences of showing appreciation. Psychological Science, 29(9).",experiments,"used: People who wrote gratitude letters underestimated how surprised and positive recipients would feel, and overestimated how awkward recipients would feel.",https://doi.org/10.1177/0956797618772506,Abstract-level finding only.
boothby2021,"Boothby, E. J., & Bohns, V. K. (2021). Why a simple act of kindness is not as simple as it seems: Underestimating the positive impact of our compliments on others. Personality and Social Psychology Bulletin, 47(5), 826-840.",experiments,used: Compliment givers underestimated how positively recipients would feel and overestimated how bothered and uncomfortable they would be.,https://doi.org/10.1177/0146167220949003,Abstract-level finding only.
epley2014,"Epley, N., & Schroeder, J. (2014). Mistakenly seeking solitude. Journal of Experimental Psychology: General, 143(5), 1980-1999.",field experiments,"used: Train and bus commuters told to talk with a stranger reported a more positive, and no less productive, commute than those told to sit in solitude; separate participants predicted the opposite.",https://doi.org/10.1037/a0037323,Abstract-level finding only.
kardas2022,"Kardas, M., Kumar, A., & Epley, N. (2022). Overly shallow?: Miscalibrated expectations create a barrier to deeper conversation. Journal of Personality and Social Psychology, 122(3), 367-398.",experiments,used: Deep conversations between strangers felt less awkward and created more connection and happiness than participants expected.,https://doi.org/10.1037/pspa0000281,Abstract-level finding only.
levitt2021,"Levitt, S. D. (2021). Heads or tails: The impact of a coin toss on major life decisions and subsequent happiness. Review of Economic Studies, 88(1), 378-405.",randomized field experiment,"used: Undecided people told by a coin toss to make an important change (e.g. quit a job, end a relationship) were more likely to make it, and those who changed reported being happier two and six months later. Participants were self-selected.",https://www.nber.org/papers/w22487,Abstract-level finding only.
gilbert2002,"Gilbert, D. T., & Ebert, J. E. J. (2002). Decisions and revisions: The affective forecasting of changeable outcomes. Journal of Personality and Social Psychology, 82(4), 503-514.",experiments,"used: People preferred decisions they could change, but those who could change their minds liked their outcome less than those who could not. Reversibility is cheap to exercise, not free.",https://doi.org/10.1037/0022-3514.82.4.503,Abstract-level finding only.
gilovich1995,"Gilovich, T., & Medvec, V. H. (1995). The experience of regret: What, when, and why. Psychological Review, 102(2), 379-395.",review and studies,used: Regrets of action dominate in the short term; regrets of inaction dominate in the long term.,https://doi.org/10.1037/0033-295X.102.2.379,Abstract-level finding only.
richardson2023,"Richardson, J., & Gilovich, T. (2023). A very public replication of the temporal pattern to people's regrets.",field replication,"used: Replicated the interaction between action/inaction and time perspective, though the exact pattern differed from the original.",https://pmc.ncbi.nlm.nih.gov/articles/PMC10282588/,Abstract-level finding only.
masicampo2011,"Masicampo, E. J., & Baumeister, R. F. (2011). Consider it done! Plan making can eliminate the cognitive effects of unfulfilled goals. Journal of Personality and Social Psychology, 101(4), 667-683.",experiments,used: Unfulfilled goals produced intrusive thoughts and interference on unrelated tasks; writing a specific plan removed those effects without completing the goal.,https://doi.org/10.1037/a0024192,Abstract-level finding only.
killingsworth2010,"Killingsworth, M. A., & Gilbert, D. T. (2010). A wandering mind is an unhappy mind. Science, 330(6006), 932.",experience sampling,"used: Among 2,250 adults sampled by smartphone, minds wandered in 46.9% of samples, and people were less happy when their minds wandered.",https://doi.org/10.1126/science.1192439,Abstract-level finding only.
mark2008,"Mark, G., Gudith, D., & Klocke, U. (2008). The cost of interrupted work: More speed and stress. Proceedings of CHI 2008, 107-110.",laboratory experiment,"used: Interrupted people finished tasks faster with no loss of quality, but reported more stress, frustration, time pressure and effort.",https://doi.org/10.1145/1357054.1357072,Abstract-level finding only.
