activity_id,activity,drm_label,atus_codes,atus_label,match,note
intimate-relations,Intimate relations,Intimate relations,,,none,"ATUS has no specific code; sexual activity falls inside 0104 Personal activities, which also holds unrelated private activities and is not published separately."
socializing,Socializing,Socializing,1201;1202,Socializing and communicating; attending or hosting social events,partial,"DRM episodes could carry several activities at once and were counted under each, so socializing during work or meals counts. ATUS codes only the primary activity. Employed women on a workday: DRM 0.65 report it, ATUS 0.32."
relaxing,Relaxing,Relaxing,120301,"Relaxing, thinking",partial,"DRM 'relaxing' is self-labelled and can overlap TV or eating. ATUS 120301 is relaxing or thinking as the primary activity only. DRM 0.77 vs ATUS-comparable 0.19."
religious,Religious activity,Pray/worship/meditate,14,Religious and spiritual activities,partial,"ATUS 14 covers attending services and religious practice (prayer, scripture). Secular meditation is not clearly inside it. DRM 0.23 vs ATUS-comparable 0.06."
eating,Eating,Eating,1101,Eating and drinking,close,"Both record eating episodes; ATUS excludes eating done as a secondary activity. DRM 0.94 vs ATUS-comparable 0.94."
exercising,Exercising,Exercising,1301,"Participating in sports, exercise, or recreation",close,"ATUS also includes recreational activities such as fishing or bowling. DRM 0.16 vs ATUS-comparable 0.18."
watching-tv,Watching TV,Watching TV,120303;120304,Television and movies (not religious); television (religious),close,"ATUS includes movies watched at home. DRM 0.75 vs ATUS-comparable 0.70."
shopping,Shopping,Shopping,0701,"Shopping (store, telephone, internet)",close,"ATUS 0701 includes grocery, fuel and online shopping; the DRM label is undefined. DRM 0.30 vs ATUS-comparable 0.39."
preparing-food,Preparing food,Preparing food,020201,Food and drink preparation,close,"ATUS preparation only; presentation and kitchen clean-up (020202-020203) are excluded. DRM 0.62 vs ATUS-comparable 0.64."
phone,Phone calls,On the phone,16,Telephone calls,partial,"DRM counts phone use alongside other activities; ATUS 16 is primary calls only, and texting and email are coded elsewhere in 2003-2016. DRM 0.61 vs ATUS-comparable 0.13: treat as different constructs."
napping,Napping,Napping,,,none,ATUS 0101 Sleeping includes naps and does not separate them.
childcare,Caring for children,Taking care of my children,0301;0302;0303,"Caring for and helping household children (care, education, health)",close,"ATUS primary childcare for household children only; supervision as a secondary activity is excluded. DRM 0.36 vs ATUS-comparable 0.30."
computer,Computer / internet,Computer/e-mail/Internet,120308,Computer use for leisure (excluding games),partial,"DRM includes computer, e-mail and internet use for any purpose including work; ATUS 120308 is leisure only. DRM 0.47 vs ATUS-comparable 0.12."
housework,Housework,Housework,0201,Housework,partial,"ATUS 0201 is interior cleaning, laundry, sewing and storage; the DRM label is undefined and may include other chores. DRM 0.49 vs ATUS-comparable 0.36."
working,Working,Working,0501,Working,close,"The DRM sample is restricted to women who worked on the reference day (1.00 by design); the ATUS-comparable subset is defined the same way."
commuting,Commuting,Commuting,180501,Travel related to working,close,"DRM 0.87 vs ATUS-comparable 0.86."
sleeping,Sleeping,,0101,Sleeping,atus-only,DRM Table 1 does not report sleep; affect is not rated while asleep.
lawn-garden,Lawn and garden,,0205,"Lawn, garden, and houseplants",atus-only,No DRM counterpart in Table 1.
adult-care,Caring for adults,,0304;0305,Caring for and helping household adults,atus-only,No DRM counterpart in Table 1.
attending-class,Attending class,,0601,Taking class,atus-only,No DRM counterpart in Table 1.
homework,Studying / homework,,0603,Research/homework,atus-only,No DRM counterpart in Table 1.
gaming,Playing games,,120307,Playing games,atus-only,No DRM counterpart in Table 1.
reading,Reading,,120312,Reading for personal interest,atus-only,No DRM counterpart in Table 1.
volunteering,Volunteering,,15,Volunteer activities,atus-only,No DRM counterpart in Table 1.
