activity_id,activity,crosswalk_match,drm_proportion_reporting,drm_mean_hours_per_day,drm_positive_affect,drm_negative_affect,drm_net_affect,drm_competent,drm_impatient,drm_tired,atus_participation_all,atus_minutes_when_performed_all,atus_participation_weekday,atus_minutes_when_performed_weekday,atus_participation_weekend,atus_minutes_when_performed_weekend,atus_participation_drm_like,atus_minutes_when_performed_drm_like,source_frequency,source_affect
intimate-relations,Intimate relations,none,0.11,0.2,5.10,0.36,4.74,4.57,0.74,3.09,,,,,,,,,,kahneman2004
socializing,Socializing,partial,0.65,2.3,4.59,0.57,4.02,4.32,1.20,2.33,0.3713,109.9,0.3521,94.3,0.4196,142.7,0.3228,69.9,atus2014_2016,kahneman2004
relaxing,Relaxing,partial,0.77,2.2,4.42,0.51,3.91,4.05,0.84,3.44,0.1972,90.2,0.2070,83.2,0.1729,111.1,0.1910,50.7,atus2014_2016,kahneman2004
religious,Religious activity,partial,0.23,0.4,4.35,0.59,3.76,4.45,1.04,2.95,0.0955,94.6,0.0699,72.5,0.1595,118.9,0.0631,55.8,atus2014_2016,kahneman2004
eating,Eating,close,0.94,2.2,4.34,0.59,3.75,4.12,0.95,2.55,0.9508,67.3,0.9522,65.0,0.9474,72.9,0.9441,58.3,atus2014_2016,kahneman2004
exercising,Exercising,close,0.16,0.2,4.31,0.50,3.81,4.26,1.58,2.42,0.2014,90.8,0.2058,83.0,0.1902,112.2,0.1780,57.7,atus2014_2016,kahneman2004
watching-tv,Watching TV,close,0.75,2.2,4.19,0.58,3.61,3.95,1.02,3.54,0.7962,209.2,0.7880,195.3,0.8168,242.9,0.7035,124.3,atus2014_2016,kahneman2004
shopping,Shopping,close,0.30,0.4,3.95,0.74,3.21,4.26,2.08,2.66,0.3981,54.1,0.3788,48.4,0.4464,66.3,0.3887,37.2,atus2014_2016,kahneman2004
preparing-food,Preparing food,close,0.62,1.1,3.93,0.69,3.24,4.20,1.54,3.11,0.5327,51.2,0.5439,48.9,0.5046,57.3,0.6397,42.1,atus2014_2016,kahneman2004
phone,Phone calls,partial,0.61,2.5,3.92,0.85,3.07,4.35,1.92,2.92,0.1330,45.7,0.1364,44.1,0.1245,50.0,0.1337,36.3,atus2014_2016,kahneman2004
napping,Napping,none,0.43,0.9,3.87,0.60,3.27,3.26,0.91,4.30,,,,,,,,,,kahneman2004
childcare,Caring for children,close,0.36,1.1,3.86,0.91,2.95,4.19,1.95,3.56,0.2081,116.0,0.2194,111.7,0.1800,129.2,0.3014,87.3,atus2014_2016,kahneman2004
computer,Computer / internet,partial,0.47,1.9,3.81,0.80,3.01,4.57,1.93,2.62,0.1250,93.5,0.1279,91.4,0.1180,99.1,0.1242,61.4,atus2014_2016,kahneman2004
housework,Housework,partial,0.49,1.1,3.73,0.77,2.96,4.23,2.11,3.40,0.3565,95.4,0.3413,90.8,0.3943,105.2,0.3635,62.5,atus2014_2016,kahneman2004
working,Working,close,1.00,6.9,3.62,0.97,2.65,4.45,2.70,2.42,0.4243,458.2,0.5087,479.2,0.2133,333.0,1.0000,450.9,atus2014_2016,kahneman2004
commuting,Commuting,close,0.87,1.6,3.45,0.89,2.56,4.09,2.60,2.75,0.3532,45.4,0.4393,46.1,0.1377,39.8,0.8595,40.8,atus2014_2016,kahneman2004
sleeping,Sleeping,atus-only,,,,,,,,,0.9990,528.9,0.9991,514.2,0.9989,565.5,0.9996,478.1,atus2014_2016,
lawn-garden,Lawn and garden,atus-only,,,,,,,,,0.0981,117.2,0.0922,108.1,0.1128,135.8,0.0436,64.2,atus2014_2016,
adult-care,Caring for adults,atus-only,,,,,,,,,0.0586,40.3,0.0605,39.2,0.0539,43.4,0.0495,25.1,atus2014_2016,
attending-class,Attending class,atus-only,,,,,,,,,0.0504,299.2,0.0676,303.2,0.0075,208.5,0.0297,174.2,atus2014_2016,
homework,Studying / homework,atus-only,,,,,,,,,0.0578,173.4,0.0620,165.3,0.0472,200.2,0.0361,142.1,atus2014_2016,
gaming,Playing games,atus-only,,,,,,,,,0.1092,127.5,0.1055,117.1,0.1184,150.5,0.0582,64.4,atus2014_2016,
reading,Reading,atus-only,,,,,,,,,0.2062,90.3,0.2080,85.5,0.2018,102.5,0.1931,61.8,atus2014_2016,
volunteering,Volunteering,atus-only,,,,,,,,,0.0608,130.3,0.0602,122.4,0.0622,149.2,0.0582,96.9,atus2014_2016,
