id,action,domain,frequency_tier,reversibility,time_sensitivity,downside,upside,information,atus_parent,evidence
text-friend,Text a friend you have not spoken to in a while,social,daily,4,2,1,3,3,,liu2023
reply-message,Reply to a message you have been putting off,social,daily,4,4,1,2,2,,
say-thanks,Thank someone for something specific they did,social,daily,4,3,1,3,2,,kumar2018
compliment,Give a sincere compliment,social,daily,5,4,1,3,2,,boothby2021
talk-stranger,Talk with a stranger on your commute,social,daily,5,5,1,3,3,commuting,epley2014
eat-together,Eat a meal with someone instead of alone,social,daily,5,3,1,2,2,eating,
walk,Take a 20-minute walk,health,daily,5,3,1,2,2,exercising,
bed-earlier,Go to bed 30 minutes earlier tonight,health,daily,5,3,1,3,3,sleeping,
nap,Take a 20-minute nap,health,daily,5,4,1,2,2,,
swap-tv,Swap one evening of TV for something else,leisure,daily,5,2,1,2,3,watching-tv,
read-20,Read a book for 20 minutes,leisure,daily,5,1,1,2,2,reading,
tidy-15,Tidy one room for 15 minutes,home,daily,5,1,1,1,1,housework,
play-child,Spend 20 minutes in unstructured play with a child,family,daily,5,4,1,3,3,childcare,
email-batches,Check email at three set times instead of continuously,work,daily,5,2,1,2,3,working,mark2008
focus-block,Protect one 90-minute block from notifications,work,daily,5,2,1,3,3,working,mark2008
meditate,Try ten minutes of meditation or prayer,health,daily,5,1,1,2,3,religious,
journal,Write down what happened today,self,daily,5,1,1,2,3,,
phone-away,Leave your phone in another room during dinner,self,daily,5,2,1,2,2,eating,
no-smoke-day,Go one day without smoking or vaping,health,daily,5,2,1,3,3,,
cook-new,Cook a recipe you have never made,home,weekly,5,1,1,2,3,preparing-food,
call-family,Call a family member,social,weekly,4,3,1,3,2,phone,liu2023
deeper-question,Ask a friend a deeper question than usual,social,weekly,4,3,2,3,4,socializing,kardas2022
invite-meal,Invite someone to share a meal,social,weekly,4,3,2,3,3,socializing,
say-yes,Say yes to an invitation you would normally decline,social,weekly,3,5,2,3,4,socializing,
decline,Decline a commitment you do not want,work,weekly,3,4,2,3,2,,
ask-help,Ask a colleague for help with a stuck problem,work,weekly,4,3,1,3,3,working,
share-draft,Share an unfinished draft for feedback,work,weekly,4,2,2,3,4,working,
skip-meeting,Decline a meeting that has no agenda,work,weekly,4,4,1,2,2,working,
new-class,Try a new exercise class once,health,weekly,5,2,1,3,4,exercising,
skip-alcohol,Skip alcohol for a week,health,weekly,5,1,1,2,3,,
gathering,Attend a religious or community gathering once,civic,weekly,5,3,1,2,4,religious,
game-together,Play a game with other people instead of alone,leisure,weekly,5,2,1,2,2,gaming,
list-shop,Shop from a list,home,weekly,5,1,1,1,1,shopping,
new-food,Order something unfamiliar,leisure,weekly,5,3,1,1,3,eating,
check-relative,Check in on an older relative,family,weekly,4,4,1,3,3,adult-care,liu2023
intro-lesson,Watch one introductory lesson on a skill you are curious about,learning,weekly,5,1,1,2,4,homework,
language-week,Try a language app for one week,learning,weekly,5,1,1,2,3,homework,
delete-app,Delete one app from your phone for a week,self,weekly,5,1,1,2,3,computer,
routine-week,Try a new morning routine for a week,self,weekly,5,1,1,2,3,,
birthday,Send a birthday message on the day,social,weekly,4,5,1,2,1,,
small-gift,Spend a small amount on someone else,social,weekly,2,3,1,3,2,,
volunteer-once,Volunteer for one afternoon,civic,monthly,5,2,1,3,4,volunteering,
host-dinner,Host a dinner,social,monthly,5,2,2,3,3,socializing,
introduce,Introduce two people who should know each other,social,monthly,4,2,1,3,3,,
meetup,Go to a meetup where you know no one,social,monthly,5,3,1,3,4,socializing,
congratulate,Congratulate someone on their news,social,monthly,4,5,1,3,2,,
feedback,Give a colleague honest feedback,work,monthly,3,3,2,3,3,working,
propose-project,Propose a project to your manager,work,monthly,4,2,2,4,4,working,
cold-email,Email someone whose work you admire,work,monthly,4,1,1,3,4,,
publish-piece,Publish a short piece of writing,work,monthly,3,1,2,3,4,,
side-project,Start a small side project this weekend,work,monthly,5,1,1,3,4,,
sit-in-class,Sit in on one lecture,learning,monthly,5,3,1,3,4,attending-class,
plant,Plant something,home,monthly,5,2,1,2,2,lawn-garden,
declutter,Fill one bag of things to give away,home,monthly,3,1,1,2,2,housework,
cancel-sub,Cancel a subscription you rarely use,money,monthly,4,2,1,2,2,,
returnable-buy,Buy something with a free-return window,money,monthly,5,2,1,2,2,shopping,gilbert2002
impulse-buy,Buy an expensive item on impulse,money,monthly,3,2,3,2,2,shopping,
donate,Donate to a cause,civic,monthly,1,2,1,2,2,,
museum,Visit a museum or gallery,leisure,yearly,5,1,1,2,3,,
weekend-trip,Take a weekend trip somewhere new,leisure,yearly,4,3,2,3,4,,
fare-sale,Book a fare sale that ends today,leisure,yearly,2,5,3,3,2,,
sellout-tickets,Buy tickets to a show that is about to sell out,leisure,yearly,2,5,2,3,2,,
rearrange,Rearrange the furniture,home,yearly,5,1,1,2,2,housework,
haircut,Try a different haircut,self,yearly,3,1,1,2,2,,
checkup,Book an overdue medical check-up,health,yearly,5,2,1,4,4,,
dentist,Book a dental cleaning,health,yearly,5,2,1,3,2,,
race-signup,Sign up for a race months away,health,yearly,4,2,1,3,3,exercising,
join-team,Join a club or team for one season,social,yearly,4,3,1,3,4,socializing,
thank-mentor,Email a former teacher or mentor,social,yearly,4,1,1,3,3,,liu2023
gratitude-letter,Write and send a gratitude letter,social,yearly,4,1,1,3,3,,kumar2018
ask-date,Ask someone on a date,social,yearly,3,4,2,4,4,,
negotiate-bill,Call to negotiate a bill,money,yearly,5,2,1,2,3,phone,
auto-save,Set up an automatic transfer to savings,money,yearly,5,1,1,3,2,,
index-fund,Put savings into an index fund,money,yearly,3,1,3,4,2,,
sell-unused,Sell something you no longer use,money,yearly,2,1,1,2,2,,
ask-raise,Ask for a raise,work,yearly,3,3,3,4,4,working,
apply-job,Apply for a job you are unsure you would get,work,yearly,4,4,2,4,4,,
talk,Give a short public talk,work,yearly,3,3,2,3,4,,
grant,Apply for a grant or programme before the deadline,work,yearly,4,5,2,4,4,,
paid-course,Enrol in a paid course,learning,yearly,3,2,2,3,3,attending-class,
vote,Vote in a local election,civic,yearly,1,5,1,2,1,,
apologize,Apologize for something specific,social,rare,3,4,2,4,3,,
condolence,Send a condolence note,social,rare,4,5,1,4,2,,
rsvp-wedding,RSVP yes to a friend's wedding,social,rare,3,5,2,3,2,,
end-relationship,End a relationship that is not working,social,rare,1,3,4,4,4,,levitt2021
propose,Propose marriage,social,rare,1,2,4,5,4,,
quit-job,Quit a job,work,rare,1,3,4,4,4,working,levitt2021
job-offer,Respond to a job offer before it expires,work,rare,2,5,4,5,3,,
launch,Launch a product publicly,work,rare,2,2,3,4,5,,
contract,Sign a multi-year business contract,work,rare,1,3,5,4,2,,
change-field,Change your field of study,learning,rare,2,3,3,4,4,attending-class,
move-city,Move to another city,home,rare,2,2,4,4,5,,
lease,Sign a 12-month lease,home,rare,2,3,3,3,2,,
buy-home,Buy a home,money,rare,1,2,5,4,3,,
adopt-pet,Adopt a pet,home,rare,1,3,3,4,4,,
foster-pet,Foster a pet for a few weeks,home,rare,4,3,2,3,4,,
have-child,Have a child,family,rare,1,3,4,5,5,,
tattoo,Get a tattoo,self,rare,1,1,3,2,2,,
elective-surgery,Have elective surgery,health,rare,1,2,4,4,3,,
public-comment,Speak at a public meeting,civic,rare,3,5,2,2,3,,
