mall,name,unit,category
KINEX,A Hot Hideout,#01-45,Food & Beverages
KINEX,A-LAN JAPANESE CUISINE & JUICE BAR,#B1-K6,Food & Beverages
KINEX,Bibimbap / Dosirak,#B1-K5,Food & Beverages
KINEX,BINGXUE TEA & ICE CREAM,#B1-30,Food & Beverages
KINEX,Burger King,#01-42,Food & Beverages
KINEX,CHA SHE,#01-49,Food & Beverages
KINEX,ENCIK TAN,#01-50/51,Food & Beverages
KINEX,GELÁRE,#01-K1,Food & Beverages
KINEX,GOOD COMBO HOTPOT & BBQ BUFFET,#01-60/61/62,Food & Beverages
KINEX,Good Day Bakery,B1 - 29,Food & Beverages
KINEX,JING | An Inclusive Hotpot & Grill Buffet,#02-19,Food & Beverages
KINEX,JU FU MALA,#B1-K2,Food & Beverages
KINEX,Kazo,#B1-K24/K25,Food & Beverages
KINEX,Kebab #1,#B1-K3,Food & Beverages
KINEX,Kucina Italian Restaurant,#B1-09/10,Food & Beverages
KINEX,Li Fang Congee,#B1-K9,Food & Beverages
KINEX,Liho Tea,#B1-K19,Food & Beverages
KINEX,Maki-San,#B1-K7,Food & Beverages
KINEX,MARAIS COFFEE & BAKES,#B1-28,Food & Beverages
KINEX,MISSION CELLAR,#01-54,Food & Beverages
KINEX,Mukshidonna,#01-30,Food & Beverages
KINEX,MUSCLE PREP,#B1-K22/K23,Food & Beverages
KINEX,NEW S8,#02-16,Food & Beverages
KINEX,Pasta Play,#B1-K1,Food & Beverages
KINEX,Popeyes Famous Louisiana Chicken,#01-50/51,Food & Beverages
KINEX,Qi Ji,#B1-K20,Food & Beverages
KINEX,Sizzle Whizzle,#B1-31,Food & Beverages
KINEX,Starbucks,#01-17,Food & Beverages
KINEX,SUKIYA,#01-52,Food & Beverages
KINEX,The Coffee Edition,#B1-K4,Food & Beverages
KINEX,The Istana Ballroom,#03-36/37/38/39,Food & Beverages
KINEX,The Morning Catch Seafood,#02-21,Food & Beverages
KINEX,US PIZZA,#01-65/66,Food & Beverages
KINEX,XI' AN IMPRESSION,#01-67,Food & Beverages
KINEX,Yang's Epok Epok,#B1-K8,Food & Beverages
KINEX,Yugoslavia Bakery & Cafe,#01-32,Food & Beverages
PLQ Mall,A Beautiful Day Café,"#01-09, PLQ Parkside, Level 1",Food and Restaurants
PLQ Mall,Ajumma's,"#B2-26, PLQ Mall, Basement 2",Food and Restaurants
PLQ Mall,Attap House,"#02-28, PLQ Mall, Level 2",Food and Restaurants
PLQ Mall,Auntie Anne's,"#B2-K7, PLQ Mall, Basement 2",Food and Restaurants
PLQ Mall,Bee Cheng Hiang,"#B2-30, PLQ Mall, Basement 2",Food and Restaurants
PLQ Mall,Bites by Scarlett,"#03-14, PLQ Mall, Level 3",Food and Restaurants
PLQ Mall,Boost Juice Bars,"#B2-K10, PLQ Mall, Basement 2",Food and Restaurants
PLQ Mall,Bottles & Bottles,"#01-03A, PLQ 1, Level 1",Food and Restaurants
PLQ Mall,BreadTalk,"#B2-19, PLQ Mall, Basement 2",Food and Restaurants
PLQ Mall,Cedele,"#01-20, PLQ Mall, Level 1",Food and Restaurants
PLQ Mall,CHAGEE,"#01-39, PLQ Mall, Level 1",Food and Restaurants
PLQ Mall,Chao Chao Xiang,"#01-01, PLQ Parkside, Level 1",Food and Restaurants
PLQ Mall,Chen's,"#02-20, PLQ Mall, Level 2",Food and Restaurants
PLQ Mall,CHICHA San Chen,"#02-27, PLQ Mall, Level 2",Food and Restaurants
PLQ Mall,Chimichanga,"#01-37, PLQ Mall, Level 1",Food and Restaurants
PLQ Mall,Coco Ichibanya,"#03-30, PLQ Mall, Level 3",Food and Restaurants
PLQ Mall,COLLIN’S®,"#B1-01, PLQ Mall, Basement 1",Food and Restaurants
PLQ Mall,Compose Coffee,"#B1-K3, PLQ Mall, Basement 1",Food and Restaurants
PLQ Mall,D'Penyetz,"#01-02, PLQ Parkside, Level 1 (Park Place Residences)",Food and Restaurants
PLQ Mall,Don Don Donki,,Food and Restaurants
PLQ Mall,Donburi King 爆爆王 ばくばくおう,"#03-26, PLQ Mall, Level 3",Food and Restaurants
PLQ Mall,Eat Pizza,"#01-K5, PLQ Plaza, Level 1",Food and Restaurants
PLQ Mall,EAT.,"#B2-K2, PLQ Mall, Basement 2",Food and Restaurants
PLQ Mall,elemen 元素™,"#03-13, PLQ Mall, Level 3",Food and Restaurants
PLQ Mall,Fisher King's Grill,"#03-25, PLQ Mall, Level 3",Food and Restaurants
PLQ Mall,Fong Sheng Hao,"#B2-04, PLQ Mall, Basement 2",Food and Restaurants
PLQ Mall,Four Leaves,"#B2-16, PLQ Mall, Basement 2",Food and Restaurants
PLQ Mall,Haidilao Hot Pot,"#03-11/12 & 27, PLQ Mall, Level 3",Food and Restaurants
PLQ Mall,Hanis Cafe & Bakery,"#B2-18, PLQ Mall, Basement 2",Food and Restaurants
PLQ Mall,HarriAnns Nonya Table,"#B2-03, PLQ Mall, Basement 2",Food and Restaurants
PLQ Mall,Henri Charpentier,"#01-07, PLQ Mall, Level 1",Food and Restaurants
PLQ Mall,heytea,"#01-16, PLQ Mall, Level 1",Food and Restaurants
PLQ Mall,Huggs Coffee,"#01-03, PLQ 1, Level 1",Food and Restaurants
PLQ Mall,Kebabs Faktory,"#01-K3, PLQ Plaza, Level 1",Food and Restaurants
PLQ Mall,KFC®,"#B1-14, PLQ Mall, Basement 1",Food and Restaurants
PLQ Mall,KOI Thé,"#B1-02, PLQ Mall, Basement 1",Food and Restaurants
PLQ Mall,Kopitiam,"#04-11, PLQ Mall, Level 4",Food and Restaurants
PLQ Mall,Kott-Don 360,"#04-09, PLQ Mall, Level 4 ",Food and Restaurants
PLQ Mall,London Fat Duck,"#B2-25, PLQ Mall, Basement 2",Food and Restaurants
PLQ Mall,luckin coffee,,Food and Restaurants
PLQ Mall,Melvados,"#B2-06, PLQ Mall, Basement 2",Food and Restaurants
PLQ Mall,Mr. Coconut,"#B2-K8, PLQ Mall, Basement 2",Food and Restaurants
PLQ Mall,Nam Kee Pau,"#B2-K4, PLQ Mall, Basement 2",Food and Restaurants
PLQ Mall,Nan Yang Dao,"#B2-33, PLQ Mall, Basement 2",Food and Restaurants
PLQ Mall,Nene Neko,,Food and Restaurants
PLQ Mall,NIKUTOSAKE,"#01-38, PLQ Mall, Level 1",Food and Restaurants
PLQ Mall,Old Chang Kee,"#B2-32, PLQ Mall, Basement 2",Food and Restaurants
PLQ Mall,Old Street Bak Kut Teh,"#B2-02, PLQ Mall, Basement 2",Food and Restaurants
PLQ Mall,Papa Ayam,"#B2-K3, PLQ Mall, Basement 2",Food and Restaurants
PLQ Mall,Paradise Dynasty,"#03-08, PLQ Mall, Level 3",Food and Restaurants
PLQ Mall,Paris Baguette,"#01-03/05/06, PLQ Mall, Level 1",Food and Restaurants
PLQ Mall,PastaGo,"#B2-K1, PLQ Mall, Basement 2",Food and Restaurants
PLQ Mall,Pawa Bakery,"#B2-07, PLQ Mall, Basement 2",Food and Restaurants
PLQ Mall,PlayMade,"#B2-K5, PLQ Mall, Basement 2",Food and Restaurants
PLQ Mall,Poke Theory,"#01-04, PLQ Parkside, Level 1",Food and Restaurants
PLQ Mall,Polar Puffs & Cakes,"#B2-K9, PLQ Mall, Basement 2",Food and Restaurants
PLQ Mall,Pondok Jawa,"#02-09, PLQ Mall, Level 2",Food and Restaurants
PLQ Mall,Pura Brasa,,Food and Restaurants
PLQ Mall,rumeL,"#02-25/26, PLQ Mall, Level 2",Food and Restaurants
PLQ Mall,Saizeriya,"#04-13, PLQ Mall, Level 4",Food and Restaurants
PLQ Mall,Sanook Kitchen,"#03-28/29, PLQ Mall, Level 3",Food and Restaurants
PLQ Mall,Shihlin Taiwan Street Snacks,"#B2-K9, PLQ Mall, Basement 2",Food and Restaurants
PLQ Mall,smol,"#01-05, PLQ Parkside, Level 1",Food and Restaurants
PLQ Mall,Starbucks Reserve,"#01-14, PLQ Mall, Level 1",Food and Restaurants
PLQ Mall,Steak 99,"#B2-17, PLQ Mall, Basement Two",Food and Restaurants
PLQ Mall,Sukiya,"#B1-15/16, PLQ Mall, Basement 1",Food and Restaurants
PLQ Mall,Super Sub,"#01-K2, PLQ Plaza, Level 1",Food and Restaurants
PLQ Mall,Sushi Express,"#04-12, PLQ Mall, Level 4",Food and Restaurants
PLQ Mall,Tai Cheong Bakery,"#B2-08, PLQ Mall, Level B2",Food and Restaurants
PLQ Mall,TAIER Sichuan Cusine,"#04-10, PLQ Mall, Level 4",Food and Restaurants
PLQ Mall,Tanglin Cookhouse,"#01-06/07, PLQ 3, Level 1",Food and Restaurants
PLQ Mall,The Bread Club,"#B2-13, PLQ Mall, Basement 2",Food and Restaurants
PLQ Mall,Tipsy Bird Gastrobar,"#01-08 (B), PLQ 2, Level 1",Food and Restaurants
PLQ Mall,Toast Box,"#B2-19, PLQ Mall, Basement 2",Food and Restaurants
PLQ Mall,TOMORO COFFEE,"#01-08A, PLQ 3, Level 1 ",Food and Restaurants
PLQ Mall,TungLok Seafood,"#03-09 to 10, PLQ Mall, Level 3",Food and Restaurants
PLQ Mall,Western Mahua Noodles,"#B2-28, PLQ Mall, Basement 2",Food and Restaurants
PLQ Mall,Wine Connection,"#01-07 (B), PLQ 2, Level 1",Food and Restaurants
PLQ Mall,Yakiniku Like,"#B1-28, PLQ Mall, Basement 1",Food and Restaurants
PLQ Mall,YM Bakery,"#B2-05, PLQ Mall, Basement 2",Food and Restaurants
PLQ Mall,Yum Yum Thai,"#B2-15, PLQ Mall, Basement 2",Food and Restaurants
PLQ Mall,Zhang Liang Mala Tang,PLQ Mall #B2-29 ,Food and Restaurants
PLQ Mall,Zing,"#01-06 to 08 , PLQ Parkside, Level 1",Food and Restaurants
Paya Lebar Square,4Fingers Crispy Chicken,#01-89 to K1,Restaurant & Cafe And Fast Food
Paya Lebar Square,5 Little Bears五隻小熊,#B1-09,Restaurant & Cafe And Fast Food
Paya Lebar Square,Bear’s Cafe,#B1-10,Restaurant & Cafe And Fast Food
Paya Lebar Square,Burger King,#01-37/38 & 01-3940 to 43,Restaurant & Cafe And Fast Food
Paya Lebar Square,Cantine,#B1-51,Food Court
Paya Lebar Square,Charcoal Grill & Salad Bar Keisuke,#B1-16,Restaurant & Cafe And Fast Food
Paya Lebar Square,Chicken Run,#02-18 to 20 & 02-K4,Restaurant & Cafe And Fast Food
Paya Lebar Square,Crave,#B1-45,Restaurant & Cafe And Fast Food
Paya Lebar Square,Delibowl 壹碗,#01-80,Restaurant & Cafe And Fast Food
Paya Lebar Square,Fun Toast Express,#01-01,Restaurant & Cafe And Fast Food
Paya Lebar Square,Gelare,#01-71 & 01-K6/K7,Restaurant & Cafe And Fast Food
Paya Lebar Square,Greendot,#02-15 to 17 & 02-K2/K3 & 02-21,Restaurant & Cafe And Fast Food
Paya Lebar Square,House of Teochew,#B1-06,Restaurant & Cafe And Fast Food
Paya Lebar Square,iPOT Mala Tri-Pot,#B1-07,Restaurant & Cafe And Fast Food
Paya Lebar Square,J.CO Donuts & Coffee,#01-78/79 & 01-K2,Restaurant & Cafe And Fast Food
Paya Lebar Square,Ji De Chi,#01-56,Restaurant & Cafe And Fast Food
Paya Lebar Square,Jollibee,#01-05 to 07,Restaurant & Cafe And Fast Food
Paya Lebar Square,Kajiken,#01-86,Restaurant & Cafe And Fast Food
Paya Lebar Square,Kei Kaisendon,#01-84,Restaurant & Cafe And Fast Food
Paya Lebar Square,Lotus Thai,#02-13/14 & 02-K1,Restaurant & Cafe And Fast Food
Paya Lebar Square,Madura’s,#01-08,Restaurant & Cafe And Fast Food
Paya Lebar Square,McDonald’s,#01-68/69 & 01-74 to 76 & 01-K3,Restaurant & Cafe And Fast Food
Paya Lebar Square,Monster Planet,#01-57,Restaurant & Cafe And Fast Food
Paya Lebar Square,Mos Burger,#01-72 to K5,Restaurant & Cafe And Fast Food
Paya Lebar Square,Onkei,#01-85,Restaurant & Cafe And Fast Food
Paya Lebar Square,Pastamania,#01-09 to 11,Restaurant & Cafe And Fast Food
Paya Lebar Square,Pontian Wanton Noodles,#01-88,Restaurant & Cafe And Fast Food
Paya Lebar Square,Qin Ji Rougamo,#B1-08,Restaurant & Cafe And Fast Food
Paya Lebar Square,Ramen Keisuke Niku King,#01-02/03,Restaurant & Cafe And Fast Food
Paya Lebar Square,Ramen Keisuke Tonkotsu King,#01-04,Restaurant & Cafe And Fast Food
Paya Lebar Square,Saute Sushi,#B1-19,Restaurant & Cafe And Fast Food
Paya Lebar Square,Shiok Burger,#01-77,Restaurant & Cafe And Fast Food
Paya Lebar Square,Taste of Indonesia,#B1-29 to 31,Restaurant & Cafe And Fast Food
Paya Lebar Square,The Soup Spoon,#01-09 to 11,Restaurant & Cafe And Fast Food
Paya Lebar Square,Ya Kun Kaya Toast,#01-87,Restaurant & Cafe And Fast Food
SingPost Centre,Alchemist,,"Cafes, Restaurants & Food Court"
SingPost Centre,Astons Specialities,,"Cafes, Restaurants & Food Court"
SingPost Centre,Bai Wei Mini Bowl,,"Cafes, Restaurants & Food Court"
SingPost Centre,Beard Papa’s,,Food kiosk / Takeaway
SingPost Centre,Bebek Goreng Pak Ndut,,"Cafes, Restaurants & Food Court"
SingPost Centre,Bibimbap!,,"Cafes, Restaurants & Food Court"
SingPost Centre,Carl’s Jr,,"Cafes, Restaurants & Food Court"
SingPost Centre,Chicken Hotpot,,"Cafes, Restaurants & Food Court"
SingPost Centre,Châteraisé,,Food kiosk / Takeaway
SingPost Centre,Dough Culture,,Food kiosk / Takeaway
SingPost Centre,Délifrance,,"Cafes, Restaurants & Food Court"
SingPost Centre,Eat 3 Bowls,,"Cafes, Restaurants & Food Court"
SingPost Centre,ENCIK TAN,,"Cafes, Restaurants & Food Court"
SingPost Centre,Fun Toast,,"Cafes, Restaurants & Food Court"
SingPost Centre,Genki Sushi,,"Cafes, Restaurants & Food Court"
SingPost Centre,grab & Gold<sup>®</sup> Café,,"Cafes, Restaurants & Food Court"
SingPost Centre,Hatsumi Donburi & Soba,,"Cafes, Restaurants & Food Court"
SingPost Centre,HJH Maimunah,,"Cafes, Restaurants & Food Court"
SingPost Centre,I Love TaiMei,,Food kiosk / Takeaway
SingPost Centre,Kaffe & Toast / Thai Noodle Bar,,"Cafes, Restaurants & Food Court"
SingPost Centre,KOI Thé,,Food kiosk / Takeaway
SingPost Centre,Kopi & Tarts,,"Cafes, Restaurants & Food Court"
SingPost Centre,Lau Wang Claypot,,"Cafes, Restaurants & Food Court"
SingPost Centre,Luckin Coffee,,Food kiosk / Takeaway
SingPost Centre,Malaysia Chiak,,"Cafes, Restaurants & Food Court"
SingPost Centre,ManNa Korean Restaurant,,"Cafes, Restaurants & Food Court"
SingPost Centre,Mr Teh Tarik Express,,"Cafes, Restaurants & Food Court"
SingPost Centre,Natural Wild Honey,,Food kiosk / Takeaway
SingPost Centre,Old Tea Hut,,Food kiosk / Takeaway
SingPost Centre,Ottie Pancakes,,Food kiosk / Takeaway
SingPost Centre,Pang Pang Kopi,,"Cafes, Restaurants & Food Court"
SingPost Centre,PrimaDéli,,Food kiosk / Takeaway
SingPost Centre,Pu Tien,,"Cafes, Restaurants & Food Court"
SingPost Centre,Singapura Heritage,,"Cafes, Restaurants & Food Court"
SingPost Centre,So Fun3,,"Cafes, Restaurants & Food Court"
SingPost Centre,Subway,,"Cafes, Restaurants & Food Court"
SingPost Centre,Super Sushi,,Food kiosk / Takeaway
SingPost Centre,Swee Heng 1989 Bakery Café,,"Cafes, Restaurants & Food Court"
SingPost Centre,SWENSEN’S,,"Cafes, Restaurants & Food Court"
SingPost Centre,Tamoya Udon and Tempura,,"Cafes, Restaurants & Food Court"
SingPost Centre,Tempura Bar,,"Cafes, Restaurants & Food Court"
SingPost Centre,Texas Chicken,,"Cafes, Restaurants & Food Court"
SingPost Centre,Thai Baang,,Food kiosk / Takeaway
SingPost Centre,The Coffee Bean & Tea Leaf,,"Cafes, Restaurants & Food Court"
SingPost Centre,The Liquor Shop,,"Cafes, Restaurants & Food Court"
SingPost Centre,The Summer Acai,,"Cafes, Restaurants & Food Court"
SingPost Centre,Thunder Tea Rice,,"Cafes, Restaurants & Food Court"
SingPost Centre,Twyst,,"Cafes, Restaurants & Food Court"
SingPost Centre,Wanpo Tea Shop,,"Cafes, Restaurants & Food Court, Food kiosk / Takeaway"
SingPost Centre,Wingstop,,"Cafes, Restaurants & Food Court"
SingPost Centre,Yakiniku Shokudo,,"Cafes, Restaurants & Food Court"
SingPost Centre,YGF Malatang,,"Cafes, Restaurants & Food Court"
The Woodleigh Mall,A&W,#01-40,"Food Court, Restaurant & Cafes"
The Woodleigh Mall,at sucré (Coming Soon),#B1-K33,"Confectionery, Specialties & Snacks"
The Woodleigh Mall,Bao Makers,#B1-K10,"Confectionery, Specialties & Snacks"
The Woodleigh Mall,Bee Cheng Hiang,#B1-K42,"Confectionery, Specialties & Snacks"
The Woodleigh Mall,BreadTalk & Toast Box,#01-35/36,"Food Court, Restaurant & Cafes"
The Woodleigh Mall,Bulgogi Syo,#01-33/34,"Food Court, Restaurant & Cafes"
The Woodleigh Mall,Cedele,#01-38,"Food Court, Restaurant & Cafes"
The Woodleigh Mall,CHAGEE,#01-25/26,"Food Court, Restaurant & Cafes"
The Woodleigh Mall,CHICHA San Chen,#01-32,"Confectionery, Specialties & Snacks"
The Woodleigh Mall,COLLIN'S®️ GASTRO DINING,#01-24,"Food Court, Restaurant & Cafes"
The Woodleigh Mall,Dough Culture,#B1-K26,"Confectionery, Specialties & Snacks"
The Woodleigh Mall,Dunkin',#B1-K54/K55/K56/K57,"Confectionery, Specialties & Snacks"
The Woodleigh Mall,EAT.,#B1-K40,"Food Court, Restaurant & Cafes"
The Woodleigh Mall,Eighteen Plum,#B1-K47,"Confectionery, Specialties & Snacks"
The Woodleigh Mall,Fieldnotes,#B1-K17,"Confectionery, Specialties & Snacks"
The Woodleigh Mall,Food Republic,#B1-09/10,"Food Court, Restaurant & Cafes"
The Woodleigh Mall,Fore Coffee (Coming Soon),#B1-28,"Food Court, Restaurant & Cafes"
The Woodleigh Mall,Four Leaves,#B1-02,"Confectionery, Specialties & Snacks"
The Woodleigh Mall,Fun Toast,#02-19,"Food Court, Restaurant & Cafes"
The Woodleigh Mall,Genki Sushi,#01-31,"Food Court, Restaurant & Cafes"
The Woodleigh Mall,Gong Yuan Ma La Tang & LiHO,#B1-K51/52,"Food Court, Restaurant & Cafes"
The Woodleigh Mall,Gotcha Matcha,#B1-K16,"Confectionery, Specialties & Snacks"
The Woodleigh Mall,Gunkee Claypot,#B1-01,"Food Court, Restaurant & Cafes"
The Woodleigh Mall,Hi NOODLE,#01-27/28,"Food Court, Restaurant & Cafes"
The Woodleigh Mall,I Love Taimei,#B1-K32,"Confectionery, Specialties & Snacks"
The Woodleigh Mall,Juice Farm,#B1-K34,"Confectionery, Specialties & Snacks"
The Woodleigh Mall,K.COOK Korean BBQ Buffet,#02-49/50,"Food Court, Restaurant & Cafes"
The Woodleigh Mall,Kang Xiao Lu,#B1-K29,"Confectionery, Specialties & Snacks"
The Woodleigh Mall,KOI Thé,#B1-K53,"Confectionery, Specialties & Snacks"
The Woodleigh Mall,Little Italy,#02-48,"Food Court, Restaurant & Cafes"
The Woodleigh Mall,Luckin Coffee,#B1-03,"Food Court, Restaurant & Cafes"
The Woodleigh Mall,Maki-San,#B1-K18/K19,"Confectionery, Specialties & Snacks"
The Woodleigh Mall,McDonald's,#B1-11/12,"Food Court, Restaurant & Cafes"
The Woodleigh Mall,Mr Coconut,#B1-K27,"Confectionery, Specialties & Snacks"
The Woodleigh Mall,Mrs Banana,#B1-K8,"Confectionery, Specialties & Snacks"
The Woodleigh Mall,NiKU iKU,#B1-K11,"Confectionery, Specialties & Snacks"
The Woodleigh Mall,No.17 Tea,#B1-K28,"Confectionery, Specialties & Snacks"
The Woodleigh Mall,Old Chang Kee,#B1-K1/K2,"Confectionery, Specialties & Snacks"
The Woodleigh Mall,OLLA Specialty Coffee,#01-55,"Food Court, Restaurant & Cafes"
The Woodleigh Mall,Otou-san,#B1-K41,"Food Court, Restaurant & Cafes"
The Woodleigh Mall,Paradise Classic & LeNu,#01-41,"Food Court, Restaurant & Cafes"
The Woodleigh Mall,Pasta Express,#B1-K23,"Confectionery, Specialties & Snacks"
The Woodleigh Mall,Polar Puffs & Cakes,#B1-K13,"Confectionery, Specialties & Snacks"
The Woodleigh Mall,Popeyes,#01-22/23,"Food Court, Restaurant & Cafes"
The Woodleigh Mall,Potato Corner,#B1-K24,"Confectionery, Specialties & Snacks"
The Woodleigh Mall,Poulet,#B1-26/27,"Food Court, Restaurant & Cafes"
The Woodleigh Mall,Qin Ji Rougamo,#B1-K35/K36,"Food Court, Restaurant & Cafes"
The Woodleigh Mall,Ramen Hitoyoshi,#B1-K39,"Food Court, Restaurant & Cafes"
The Woodleigh Mall,Seoul Tofu,#01-37,"Food Court, Restaurant & Cafes"
The Woodleigh Mall,Shi Jian Hot Pot,#02-51,"Food Court, Restaurant & Cafes"
The Woodleigh Mall,Siam Square Mookata (Coming Soon),#02-20/20A,"Food Court, Restaurant & Cafes"
The Woodleigh Mall,Starbucks,#01-01,"Food Court, Restaurant & Cafes"
The Woodleigh Mall,Stuff'd,#B1-K25,"Confectionery, Specialties & Snacks"
The Woodleigh Mall,Subway,#B1-05,"Food Court, Restaurant & Cafes"
The Woodleigh Mall,Surrey Hills Grocer,#01-52/53,"Food Court, Restaurant & Cafes"
The Woodleigh Mall,Tenderfresh Xpress,#B1-K20/K21,"Confectionery, Specialties & Snacks"
The Woodleigh Mall,The JellyHearts,#B1-K9,"Confectionery, Specialties & Snacks"
The Woodleigh Mall,The JIN Kimchi,#B1-K43/K44,"Food Court, Restaurant & Cafes"
The Woodleigh Mall,The Soup Spoon Union,#B1-K37,"Food Court, Restaurant & Cafes"
The Woodleigh Mall,Thunder Tea Rice,#B1-K15,"Confectionery, Specialties & Snacks"
The Woodleigh Mall,Tian Ma Handmade 甜妈手作 (Coming Soon),#B1-08A,"Food Court, Restaurant & Cafes"
The Woodleigh Mall,Time for Thai,#B1-K38,"Food Court, Restaurant & Cafes"
The Woodleigh Mall,Tiong Bahru Bakery,#02-47,"Food Court, Restaurant & Cafes"
The Woodleigh Mall,Tori San,#01-39,"Food Court, Restaurant & Cafes"
The Woodleigh Mall,Tsuzumi Dango,#B1-K3,"Confectionery, Specialties & Snacks"
The Woodleigh Mall,US Pizza,#B1-K12,"Confectionery, Specialties & Snacks"
The Woodleigh Mall,Watami Japanese Dining,#02-21,"Food Court, Restaurant & Cafes"
The Woodleigh Mall,Wingstop,#01-57,"Food Court, Restaurant & Cafes"
The Woodleigh Mall,Wok Hey,#B1-K4,"Confectionery, Specialties & Snacks"
The Woodleigh Mall,Ya Kun Kaya Toast,"#B1-07, #B1-K30/K31","Food Court, Restaurant & Cafes"
The Woodleigh Mall,Yew Kee Specialities,#B1-04,"Food Court, Restaurant & Cafes"
The Woodleigh Mall,Yuen Kee Dumpling,#B1-13,"Food Court, Restaurant & Cafes"
