fdc_id,description,portion_description,portion_g,energy_kcal_per_100g,protein_g_per_100g,fat_g_per_100g,carbohydrate_g_per_100g
2705801,"Grilled cheese sandwich, NFS",1 sandwich,116.0,343,11.03,20.78,28.09
2705933,"Chicken, NS as to part, baked, broiled, or roasted, skin eaten","1/2 chicken (yield after cooking, bone removed)",300.0,203,24.7,10.8,0
2705939,"Chicken, NS as to part, stewed, skin eaten","1 cup, cooked, diced",135.0,196,23.58,10.86,0
2705949,"Chicken, NS as to part, fried, coated, skin / coating eaten",1 piece,85.0,251,21.75,15.02,7.14
2706068,"Chicken wing, fried, coated, from restaurant","1 wing, any size",55.0,323,17.77,21.28,15
2706094,"Chicken nuggets, from restaurant",Quantity not specified,80.0,307,15.92,20.36,14.93
2706141,"Duck, Peking",Quantity not specified,85.0,154,5.32,11.76,6.47
2706437,Chicken curry,1 cup,240.0,107,6.48,6.48,6.54
2706438,Chicken curry with rice,1 cup,200.0,116,4.96,4,15.12
2706501,Beef wellington,1 slice,116.0,368,19.16,27.43,10.25
2706515,"Ham or pork and rice, no sauce",1 cup,196.0,143,6.73,4.99,16.8
2706530,Chicken or turkey and noodles with gravy,1 cup,224.0,140,6.99,5.67,15.23
2706538,Biryani with chicken,1 cup,196.0,104,7.15,2.38,13.55
2706542,Chicken or turkey and rice with soy-based sauce,1 cup,244.0,162,11.97,9.21,8.01
2706557,Shrimp and noodles with soy-based sauce,1 cup,224.0,141,10.22,7.25,8.17
2706678,"Stew, chicken",1 cup,255.0,84,9.24,2.34,6.29
2706783,"Chicken or turkey shish kabob with vegetables, excluding potatoes",Quantity not specified,154.0,104,13.04,3.69,5.06
2706844,"Fish, tofu, and vegetables, tempura",Quantity not specified,134.0,177,4.01,16,4.53
2706977,Pork sandwich,"1 sandwich, any size",115.0,226,17.73,5.47,25.45
2707124,"Soup, pho, with meat",1 cup,245.0,77,5.81,3.33,5.6
2707136,"Soup, hot and sour",1 cup,245.0,39,2.58,1.21,4.35
2707143,"Soup, fish or shrimp",1 cup,245.0,30,2.58,0.47,4.04
2707180,"Egg, Benedict",1 egg,155.0,288,13.81,22.1,8.48
2707200,"Egg omelet or scrambled egg, made with oil",Quantity not specified,110.0,192,11.56,15.81,0.9
2707435,Soybean curd,"1 cup (1/2"" cubes)",248.0,61,7.17,3.69,1.18
2707481,"Veggie burger, on bun",1 sandwich,160.0,224,12.96,5.2,30.82
2707678,Croissant,1 large croissant,73.0,406,8.2,21,45.8
2707878,"Cake, jelly roll","1 piece/slice, any size",100.0,285,3.14,1.52,64.54
2708304,"Pancakes, plain",1 extra large pancake,150.0,282,7.41,12.07,35.32
2708320,"Waffle, plain, fast food / restaurant",1 large waffle,125.0,428,8.16,26.36,38.92
2708352,"Noodles, cooked","1 cup, cooked",160.0,137,4.51,2.06,25.01
2708515,"Taco, corn tortilla, beef, cheese",1 small/regular,105.0,249,15.47,13.94,15.3
2708529,"Taco, fish",1 small/regular,100.0,275,11.62,15.29,22.99
2708614,"Pizza, cheese, from restaurant or fast food, NS as to type of crust","1 piece, medium pizza",86.0,266,11.39,9.69,33.33
2708708,"Wonton, dumpling or pot sticker, steamed","1 item, any size",25.0,113,6.9,4.6,11.07
2708796,Chow fun noodles with meat and vegetables,1 cup,152.0,102,7.09,2.74,11.51
2708801,"Lo mein, with pork",1 cup,200.0,138,9.48,3.79,16.18
2708804,"Pad Thai, NFS",1 cup,200.0,154,8.13,7.5,14.36
2708827,"Pasta with vegetables, no sauce or dressing",1 cup,150.0,144,4.46,3.54,23.1
2708959,"Sushi, NFS",1 piece,30.0,94,2.92,0.67,18.39
2708966,"Sushi roll, vegetable",1 piece,22.0,93,1.8,1.47,17.65
2708981,"Congee, with meat, poultry, and/or seafood",1 cup,255.0,58,4.34,1.28,7
2709158,Ramen bowl with meat and egg,1 cup,245.0,127,7.13,4.57,13.95
2710115,"Soup, beef",1 cup,245.0,47,3.28,2.05,4.04
2710375,"Coffee, brewed",1 cup (8 fl oz),240.0,1,0.12,0.02,0
2710492,"Tea, hot, leaf, oolong",1 large,600.0,1,0,0,0.15
