id,name,area,station,station_m,venue,unit,address,lat,lon,cuisine,status,status_source,directory_name,dish,dish_named_by,mentions,nutrition_source,nutrition_ref,portion,portion_count,match,nutrition_note,note
knots-cafe-and-living,Knots Cafe & Living,ubi,Ubi,920,,#01-07,160 Paya Lebar Rd #01-07 409022,1.329315,103.890326,cafe-bakery,open,guides,,Knots Waffle Brekkie,getgo-pl-2024,citynomads-pl-2022;danielfooddiary-plcafes-2020;getgo-pl-2024;honeycombers-pl-2023;hungrygowhere-pl-2023;misstamchiak-taiseng-2019;timeout-pl-2024,fndds2024,2708320,1 large waffle,1,generic equivalent,"A plain restaurant waffle; the sausage, bacon, scrambled eggs, mushrooms and tomatoes are not modelled, so the figure is low.",
tipsy-bird-gastrobar,Tipsy Bird Gastrobar,paya-lebar,Paya Lebar,106,PLQ Mall,"#01-08 (B), PLQ 2, Level 1",PLQ #01-08 408533,1.317696,103.893982,chinese,open,directory,Tipsy Bird Gastrobar,Moonlight truffle beef hor fun,eatbook-plsq-plq-2025,citynomads-pl-2022;eatbook-plq-2026;eatbook-plsq-plq-2025;getgo-pl-2024;honeycombers-pl-2023;hungrygowhere-pl-2023;timeout-pl-2024,fndds2024,2708796,1 cup,2,generic equivalent,Chow fun noodles with meat standing in for the hor fun; the truffle and egg are not modelled. A plate is taken as two cups.,
punggol-nasi-lemak-centre,Punggol Nasi Lemak Centre,hougang,Kovan,247,,,965 Upper Serangoon Road 534721,1.361905,103.886643,malay,open,guides,,Nasi lemak with chicken wing,tatler-serangoon-2023,eatbook-kovan-hougang-2015;eatbook-nesupper-2026;honeycombers-hougang-2015;honeycombers-hougang-2024;ladyironchef-kovan-2022;sethlui-serangoonkovan-2021;tatler-serangoon-2023,yeo2021,Nasi Lemak,,,same dish,,
lolas-cafe,Lola's Cafe,hougang,Kovan,195,,,5 Simon Road 545893,1.361693,103.886016,cafe-bakery,open,guides,,Eggs Benedict,honeycombers-hougang-2024,eatbook-kovan-2024;eatbook-kovan-hougang-2015;honeycombers-hougang-2015;honeycombers-hougang-2024;ladyironchef-kovan-2022;sethlui-serangoonkovan-2021;smartlocal-hougang-2014,fndds2024,2707180,1 egg,2,same dish,Two eggs Benedict.,
nakhon-kitchen,Nakhon Kitchen,hougang,Kovan,326,,,212 Hougang Street 21 530212,1.359521,103.88834,southeast-asian,open,guides,,Pad Thai,honeycombers-hougang-2024,eatbook-kovan-hougang-2015;honeycombers-hougang-2015;honeycombers-hougang-2024;ladyironchef-kovan-2022;makansutra-hougang21-2012;smartlocal-hougang-2014,fndds2024,2708804,1 cup,2,same dish,A plate is taken as two cups.,
bulgogi-syo,Bulgogi Syo,woodleigh,Woodleigh,85,The Woodleigh Mall,#01-33/34,The Woodleigh Mall #01-33 367803,1.338731,103.87167,korean,open,directory,Bulgogi Syo,Ginseng chicken stew,eatbook-woodleigh-2025,danielfooddiary-woodleigh-2023;eatbook-woodleigh-2025;honeycombers-woodleigh-2023;sethlui-woodleigh-2023;smartlocal-woodleigh-2024,fndds2024,2706678,1 cup,2,generic equivalent,Chicken stew standing in for the ginseng chicken stew. A bowl is taken as two cups.,
fong-sheng-hao,Fong Sheng Hao,paya-lebar,Paya Lebar,67,PLQ Mall,"#B2-04, PLQ Mall, Basement 2",PLQ Mall #B2-04 409057,1.317709,103.893415,chinese,open,directory,Fong Sheng Hao,Patty with egg cheese toast,eatbook-plsq-plq-2025,citynomads-plq-2019;danielfooddiary-plcafes-2020;eatbook-plsq-plq-2025;hungrygowhere-pl-2023;sethlui-plq-2019,fndds2024,2705801,1 sandwich,1,generic equivalent,A grilled cheese sandwich standing in for the Taiwanese breakfast toast; the patty and egg are not modelled.,
heng-leong-teochew-porridge,Heng Leong Teochew Porridge,hougang,Kovan,405,,,1012 Upper Serangoon Road 534750,1.362547,103.88808,chinese,open,guides,,Teochew porridge with braised pork,eatbook-kovan-2024,eatbook-kovan-2024;eatbook-nesupper-2026;ladyironchef-kovan-2022;sethlui-serangoonkovan-2021;tatler-serangoon-2023,,,,,,"Teochew porridge is plain rice porridge with side dishes that the diner picks, so there is no fixed portion.",
sin-chie-toke-huan,Sin Chie Toke Huan,hougang,Kovan,438,,,1018 Upper Serangoon Road 534756,1.362752,103.888299,chinese,open,guides,,Hainanese curry rice (Set A),eatbook-nesupper-2026,eatbook-kovan-2024;eatbook-nesupper-2026;ladyironchef-kovan-2022;sethlui-serangoonkovan-2021;tatler-serangoon-2023,fndds2024,2706438,1 cup,2,generic equivalent,Chicken curry with rice standing in for the curry rice set; the other toppings of the set are not modelled. A plate is taken as two cups.,
5-little-bears,5 Little Bears,paya-lebar,Paya Lebar,66,Paya Lebar Square,#B1-09,Paya Lebar Square #B1-09 409051,1.318815,103.892581,chinese,open,directory,5 Little Bears五隻小熊,Taichung braised pork rice,eatbook-plsq-plq-2025,citynomads-pl-2022;eatbook-pl-2018;eatbook-plsq-plq-2025;hungrygowhere-pl-2023;misstamchiak-pl-2017,fndds2024,2706515,1 cup,2,generic equivalent,Pork with rice standing in for the braised pork rice; the braising sauce is not modelled. A bowl is taken as two cups.,
soon-soon-teochew-porridge,Soon Soon Teochew Porridge,hougang,Kovan,209,,,13 Simon Road 545897,1.361862,103.885869,chinese,open,guides,,Teochew porridge,honeycombers-hougang-2024,eatbook-kovan-hougang-2015;honeycombers-hougang-2015;honeycombers-hougang-2024;ladyironchef-kovan-2022;smartlocal-hougang-2014,,,,,,"Teochew porridge is plain rice porridge with side dishes that the diner picks, so there is no fixed portion.",
yaowarat-thai-kway-chap,Yaowarat Thai Kway Chap,hougang,Kovan,178,,,945 Upper Serangoon Road,1.361457,103.88618,southeast-asian,open,guides,,Signature Thai kway chap,eatbook-nesupper-2026,eatbook-nesupper-2026;ladyironchef-kovan-2022;sethlui-serangoonkovan-2021;tatler-serangoon-2023,fndds2024,2707124,1 cup,2,generic equivalent,Pho with meat standing in for the peppery rolled-noodle pork soup; the offal is not modelled. A bowl is taken as two cups.,
kucina-italian-restaurant,Kucina Italian Restaurant,paya-lebar,Paya Lebar,334,KINEX,#B1-09/10,KINEX #B1-09 437157,1.314618,103.894738,western,open,directory,Kucina Italian Restaurant,Beef Wellington,getgo-pl-2024,getgo-pl-2024;hungrygowhere-pl-2023;ordinarypatrons-kinex-2021;sethlui-kinex-2023,fndds2024,2706501,1 slice,2,same dish,Two FNDDS slices (116 g each) are taken as one main-course portion.,
fatt-soon-kueh,Fatt Soon Kueh,hougang,Kovan,125,Kovan 209,#01-17,Kovan 209 #01-17,1.359084,103.886055,chinese,open,guides,,Soon kueh,herworld-kovan209-2023,eatbook-kovanmarket-2017;herworld-kovan209-2023;makansutra-hougang21-2012;sethlui-kovan209-2018,fndds2024,2708708,"1 item, any size",4,generic equivalent,Steamed dumplings standing in for soon kueh; four FNDDS items are taken as one serving.,
lorong-ah-soo-lor-mee,Lorong Ah Soo Lor Mee,hougang,Kovan,841,Hougang Hainanese Village Centre,#02-51,Hougang Hainanese Village Centre #02-51,1.354083,103.89013,chinese,open,guides,,Lor mee with duck,sethlui-hhvc-2022,rantingpanda-hhvc-2020;sethlui-hhvc-2022;smartlocal-hougang-2014;timeout-hhvc-2014,fndds2024,2706530,1 cup,2,generic equivalent,Noodles with gravy standing in for the lor mee; the duck is not modelled. A bowl is taken as two cups.,
afandi-hawa-and-family-mee-rebus,Afandi Hawa & Family Mee Rebus,paya-lebar,Paya Lebar,351,Haig Road Food Centre,#01-21,Haig Road Food Centre #01-21,1.315425,103.895479,malay,open,guides,,Mee rebus,eatbook-haig-2022,eatbook-haig-2022;misstamchiak-haig-2019;nhb-gs-2020;womensweekly-haig-2022,yeo2021,Mee Rebus,,,same dish,,
traditional-haig-road-putu-piring,Traditional Haig Road Putu Piring,paya-lebar,Paya Lebar,351,Haig Road Food Centre,#01-07,Haig Road Food Centre #01-07,1.315425,103.895479,malay,open,guides,,Original putu piring (5 pieces),eatbook-haig-2022,eatbook-haig-2022;misstamchiak-haig-2019;nhb-gs-2020;womensweekly-haig-2022,,,,,,No measured or survey reference for putu piring (steamed rice-flour cake with palm sugar) could be found.,
warong-sudi-mampir,Warong Sudi Mampir,paya-lebar,Paya Lebar,351,Haig Road Food Centre,#01-19,Haig Road Food Centre #01-19,1.315425,103.895479,malay,open,guides,,Satay (10 sticks),womensweekly-haig-2022,eatbook-haig-2022;misstamchiak-haig-2019;nhb-gs-2020;womensweekly-haig-2022,fndds2024,2706783,Quantity not specified,1,generic equivalent,Chicken shish kabob (the FNDDS default portion) standing in for ten sticks of satay; the peanut sauce is not modelled.,
surrey-hills-grocer,Surrey Hills Grocer,woodleigh,Woodleigh,85,The Woodleigh Mall,#01-52/53,The Woodleigh Mall #01-52,1.338731,103.87167,western,open,directory,Surrey Hills Grocer,Fried Chicken Stack,eatbook-woodleigh-2025,eatbook-bidadari-2025;eatbook-woodleigh-2025;honeycombers-woodleigh-2023;smartlocal-woodleigh-2024,fndds2024,2708304,1 extra large pancake,2,generic equivalent,"Two plain pancakes; the fried chicken, chilli honey and parmesan are not modelled, so the figure is low.",
yi-dian-xin-hong-kong-dim-sum,Yi Dian Xin Hong Kong Dim Sum,hougang,Kovan,405,,,1012 Upper Serangoon Road 534750,1.362547,103.88808,chinese,open,guides,,Siew mai,eatbook-hougang-2024,eatbook-hougang-2024;eatbook-kovan-2024;ladyironchef-kovan-2022;sethlui-serangoonkovan-2021,fndds2024,2708708,"1 item, any size",4,similar dish,Four steamed dumplings standing in for one serving of siew mai.,
yam-mee-teochew-fishball-noodles,Yam Mee Teochew Fishball Noodles,hougang,Kovan,125,Kovan 209,#01-35,Kovan 209 #01-35 530209,1.359084,103.886055,chinese,open,guides,,Teochew fishball noodles,eatbook-kovan-2024,eatbook-kovan-2024;eatbook-kovanmarket-2017;herworld-kovan209-2023;ladyironchef-kovan-2022,yeo2021,Minced Meat Mee Pok,,,similar dish,"The measured reference is minced meat mee pok, a close dry noodle dish.",
lin-yu-mei-kolo-mee,Lin Yu Mei Kolo Mee,paya-lebar,Paya Lebar,351,Haig Road Food Centre,#01-33,Haig Road Food Centre #01-33 430014,1.315425,103.895479,chinese,open,guides,,Kolo mee,eatbook-haig-2022,eatbook-haig-2022;misstamchiak-haig-2019;misstamchiak-pl-2017;womensweekly-haig-2022,yeo2021,Char Siew Wanton Noodle,,,similar dish,Sarawak kolo mee; the measured reference is Singapore dry char siew wanton noodles.,
sin-heng-kee,Sin Heng Kee,hougang,Hougang,743,,#01-150,685 Hougang Street 61 #01-150 530685,1.375181,103.886023,chinese,open,guides,,Sliced pork porridge,eatbook-hougang-2024,eatbook-hougang-2024;sethlui-hougang-2021;smartlocal-hougang-2026,fndds2024,2708981,1 cup,2,similar dish,Congee with meat. A bowl is taken as two cups.,
tiong-bahru-bakery,Tiong Bahru Bakery,woodleigh,Woodleigh,85,The Woodleigh Mall,#02-47,The Woodleigh Mall #02-47 367803,1.338731,103.87167,cafe-bakery,open,directory,Tiong Bahru Bakery,Kouign amann,eatbook-woodleigh-2025,danielfooddiary-woodleigh-2023;eatbook-woodleigh-2025;smartlocal-woodleigh-2024,fndds2024,2707678,1 large croissant,1,generic equivalent,"A large croissant standing in for the kouign amann, which has more sugar and butter.",
kajiken,Kajiken,paya-lebar,Paya Lebar,66,Paya Lebar Square,#01-86,Paya Lebar Square #01-86,1.318815,103.892581,japanese,open,directory,Kajiken,Taiwan mazesoba Nagoya style,eatbook-plsq-plq-2025,eatbook-plsq-plq-2025;hungrygowhere-pl-2023;sethlui-plsq-2023,fndds2024,2708801,1 cup,2,generic equivalent,Pork lo mein standing in for the soupless mazesoba; the toppings are not modelled. A bowl is taken as two cups.,
lotus-thai-restaurant,Lotus Thai Restaurant,paya-lebar,Paya Lebar,66,Paya Lebar Square,#02-13/14 & 02-K1,Paya Lebar Square #02-13,1.318815,103.892581,southeast-asian,open,directory,Lotus Thai,Tom yum seafood soup,eatbook-plsq-plq-2025,eatbook-plsq-plq-2025;hungrygowhere-pl-2023;sethlui-plsq-2023,fndds2024,2707136,1 cup,2,generic equivalent,Hot and sour soup standing in for the tom yum; the seafood is not modelled. A bowl is taken as two cups.,
qin-ji-rougamo,Qin Ji Rougamo,paya-lebar,Paya Lebar,66,Paya Lebar Square,#B1-08,Paya Lebar Square #B1-08,1.318815,103.892581,chinese,open,directory,Qin Ji Rougamo,Rougamo,eatbook-plsq-plq-2025,eatbook-plsq-plq-2025;hungrygowhere-pl-2023;sethlui-plsq-2023,fndds2024,2706977,"1 sandwich, any size",1,generic equivalent,A pork sandwich standing in for the Shaanxi braised-pork bun.,
saute-sushi,Saute Sushi,paya-lebar,Paya Lebar,66,Paya Lebar Square,#B1-19,Paya Lebar Square #B1-19,1.318815,103.892581,japanese,open,directory,Saute Sushi,Plant-based sushi,eatbook-plsq-plq-2025,eatbook-plsq-plq-2025;hungrygowhere-pl-2023;sethlui-plsq-2023,fndds2024,2708966,1 piece,6,similar dish,Six pieces of vegetable sushi roll; the plant-based toppings are not modelled.,
liu-kou-shui,Liu Kou Shui,woodleigh,Woodleigh,42,Woodleigh Village Hawker Centre,#01-32,Woodleigh Village Hawker Centre #01-32 360202,1.339884,103.871433,chinese,open,guides,,Caramelised char siew don,danielfooddiary-wvhc-2025,danielfooddiary-wvhc-2025;eatbook-wvhc-2024;sethlui-wvhc-2024,fndds2024,2706515,1 cup,2,generic equivalent,Pork with rice standing in for the char siew rice bowl; the caramelised glaze is not modelled. A bowl is taken as two cups.,
whampoa-nan-xiang-chicken-rice,Whampoa Nan Xiang Chicken Rice,woodleigh,Woodleigh,42,Woodleigh Village Hawker Centre,#01-28,Woodleigh Village Hawker Centre #01-28 360202,1.339884,103.871433,chinese,open,guides,,Chicken rice,sethlui-wvhc-2024,danielfooddiary-wvhc-2025;eatbook-wvhc-2024;sethlui-wvhc-2024,yeo2021,Steamed Chicken Rice,,,same dish,,
veganburg,VeganBurg,eunos,Eunos,302,,,44 Jalan Eunos 419502,1.320979,103.905513,western,open,guides,,Char-grilled satay burger,eatbook-eunos-2018,eatbook-eunos-2018;misstamchiak-eunos-2017;timeout-pl-2024,fndds2024,2707481,1 sandwich,1,similar dish,A veggie burger on a bun; the satay sauce is not modelled.,
yongs-teochew-kueh,Yong's Teochew Kueh,hougang,Kovan,450,,,1022 Upper Serangoon Road 534760,1.362828,103.888378,chinese,open,guides,,Soon kueh,eatbook-kovan-2024,eatbook-kovan-2024;honeycombers-hougang-2015;ladyironchef-kovan-2022,fndds2024,2708708,"1 item, any size",4,generic equivalent,Steamed dumplings standing in for soon kueh; four FNDDS items are taken as one serving.,
hai-xian-zhi-jia,Hai Xian Zhi Jia,eunos,Eunos,146,Eunos Crescent Food Centre,#01-38,Eunos Crescent Food Centre #01-38,1.320331,103.904256,chinese,open,guides,,Sliced fish soup,sethlui-eunoscres-2022,misstamchiak-eunos-2017;sethlui-eunoscres-2022;womensweekly-eunoscres-2023,fndds2024,2707143,1 cup,2,similar dish,Fish soup; the rice or noodles are not modelled. A bowl is taken as two cups.,
mami-midah-briyani,Mami Midah Briyani,eunos,Eunos,146,Eunos Crescent Food Centre,#01-17,Eunos Crescent Food Centre #01-17,1.320331,103.904256,indian,open,guides,,Chicken briyani,womensweekly-eunoscres-2023,misstamchiak-eunos-2017;sethlui-eunoscres-2022;womensweekly-eunoscres-2023,fndds2024,2706538,1 cup,2,same dish,A plate is taken as two cups.,
paradise-classic,Paradise Classic,woodleigh,Woodleigh,85,The Woodleigh Mall,#01-41,The Woodleigh Mall #01-41 367803,1.338731,103.87167,chinese,open,directory,Paradise Classic & LeNu,Crispy sweet and sour pork,honeycombers-woodleigh-2023,danielfooddiary-woodleigh-2023;honeycombers-woodleigh-2023;sethlui-woodleigh-2023,,,,,,"A Chinese restaurant dish served for the table to share, so there is no per-person portion.",
iqbal-soup-kambing,Iqbal Soup Kambing,eunos,Eunos,577,Geylang Serai Food Centre,#02-128,Geylang Serai Food Centre #02-128,1.316736,103.898228,indian,open,guides,,Soup kambing,womensweekly-gs-2023,ordinarypatrons-gs-2016;sethlui-gs-2019;womensweekly-gs-2023,fndds2024,2710115,1 cup,2,generic equivalent,Beef soup standing in for the mutton soup; the bread is not modelled. A bowl is taken as two cups.,
kueh-talam-asli,Kueh Talam Asli,eunos,Eunos,577,Geylang Serai Food Centre,#02-148,Geylang Serai Food Centre #02-148,1.316736,103.898228,malay,open,guides,,Kueh salat,womensweekly-gs-2023,ordinarypatrons-gs-2016;sethlui-gs-2019;womensweekly-gs-2023,,,,,,No measured or survey reference for kueh salat (glutinous rice with kaya custard) could be found.,
rojak-and-mee-siam,Rojak & Mee Siam,eunos,Eunos,577,Geylang Serai Food Centre,#02-126,Geylang Serai Food Centre #02-126,1.316736,103.898228,malay,open,guides,,Mee siam,womensweekly-gs-2023,ordinarypatrons-gs-2016;sethlui-gs-2019;womensweekly-gs-2023,yeo2021,Mee Siam,,,same dish,,
little-vietnam-restaurant-and-cafe,Little Vietnam Restaurant & Cafe,paya-lebar,Paya Lebar,274,,#01-26,511 Guillemard Rd #01-26 399849,1.314191,103.891501,southeast-asian,open,guides,,Beef pho,citynomads-pl-2022,citynomads-pl-2022;eatbook-pl-2018;hungrygowhere-pl-2023,fndds2024,2707124,1 cup,2,same dish,A bowl is taken as two cups.,
rempapa,Rempapa,paya-lebar,Paya Lebar,101,,#01-01,2 Paya Lebar Rd #01-01 409053,1.315837,103.892747,malay,open,guides,,Chicken curry,honeycombers-pl-2023,citynomads-pl-2022;honeycombers-pl-2023;hungrygowhere-pl-2023,fndds2024,2706437,1 cup,1,similar dish,Chicken curry without rice; one cup is taken as one serving.,
sizzle-whizzle,Sizzle Whizzle,paya-lebar,Paya Lebar,334,KINEX,#B1-31,KINEX #B1-31,1.314618,103.894738,malay,open,directory,Sizzle Whizzle,Fried chicken Indomie goreng,sethlui-kinex-2023,eatbook-kinexnew-2021;hungrygowhere-pl-2023;sethlui-kinex-2023,yeo2021,Economical Mee Goreng,,,generic equivalent,Fried noodles from a Singapore economy stall standing in for the fried instant noodles; the fried chicken is not modelled.,
hougang-hainanese-curry-rice,Hougang Hainanese Curry Rice,hougang,Kovan,125,Kovan 209,#01-25,Kovan 209 #01-25,1.359084,103.886055,chinese,open,guides,,Hainanese curry rice,herworld-kovan209-2023,herworld-kovan209-2023;sethlui-kovan209-2018;timeout-kovan209-2015,fndds2024,2706438,1 cup,2,generic equivalent,Chicken curry with rice standing in for the curry rice plate. A plate is taken as two cups.,
greendot,Greendot,paya-lebar,Paya Lebar,66,Paya Lebar Square,#02-15 to 17 & 02-K2/K3 & 02-21,Paya Lebar Square #02-15,1.318815,103.892581,malay,open,directory,Greendot,Laksa (vegetarian),honeycombers-pl-2023,honeycombers-pl-2023;misstamchiak-pl-2017;sethlui-plsq-2023,yeo2021,Laska,,,similar dish,Greendot cooks vegetarian food; the measured reference is a laksa with meat and seafood.,
punggol-noodle,Punggol Noodle,hougang,Kovan,841,Hougang Hainanese Village Centre,#02-24,Hougang Hainanese Village Centre 105 Hougang Ave 1 #02-24,1.354083,103.89013,chinese,open,guides,,Bak chor mee,sethlui-hhvc-2022,eatbook-kovan-hougang-2015;rantingpanda-hhvc-2020;sethlui-hhvc-2022,yeo2021,Minced Meat Mee Pok,,,same dish,,
hj-waliti-hj-mazuki,HJ Waliti HJ Mazuki,paya-lebar,Paya Lebar,351,Haig Road Food Centre,#01-18,Haig Road Food Centre #01-18,1.315425,103.895479,malay,open,guides,,Soto ayam,eatbook-haig-2022,eatbook-haig-2022;misstamchiak-haig-2019;womensweekly-haig-2022,yeo2021,Soto Ayam,,,same dish,,
v2-claypot-corner,V2 Claypot Corner,paya-lebar,Paya Lebar,351,Haig Road Food Centre,#01-52,Haig Road Food Centre #01-52,1.315425,103.895479,chinese,open,guides,,Claypot rice,eatbook-haig-2022,eatbook-haig-2022;misstamchiak-haig-2019;womensweekly-haig-2022,fndds2024,2706542,1 cup,2,generic equivalent,Chicken and rice with a soy-based sauce standing in for the claypot rice; the Chinese sausage is not modelled. A claypot is taken as two cups.,
long-phung-vietnamese-restaurant,Long Phung Vietnamese Restaurant,eunos,Eunos,802,,,159 Joo Chiat Rd 427436,1.312753,103.900213,southeast-asian,open,guides,,Hu tieu bo kho,eatbook-katong-2026,eatbook-katong-2026;eatbook-pl-2015;misstamchiak-pl-2017,fndds2024,2707124,1 cup,2,similar dish,Pho with meat standing in for the beef stew noodle soup. A bowl is taken as two cups.,
hong-chang-frog-porridge-and-bbq-fish,Hong Chang Frog Porridge and BBQ Fish,woodleigh,Woodleigh,411,,,2 Braddell Road 359895,1.343503,103.870403,chinese,open,guides,,Frog leg porridge,eatbook-nesupper-2026,eatbook-bidadari-2025;eatbook-nesupper-2026;tatler-serangoon-2023,fndds2024,2708981,1 cup,2,generic equivalent,Congee with meat standing in for the frog leg porridge. A bowl is taken as two cups.,
lickers,Lickers,hougang,Kovan,801,,#01-14,124 Hougang Avenue 1 #01-14,1.352893,103.886655,dessert,open,guides,,Waffle with ice cream,eatbook-nesupper-2026,eatbook-kovan-hougang-2015;eatbook-nesupper-2026;honeycombers-hougang-2024,fndds2024,2708320,1 large waffle,1,similar dish,"A plain restaurant waffle; the ice cream is not modelled, so the figure is low.",
twyst,Twyst,paya-lebar,Paya Lebar,201,SingPost Centre,#01-117,SingPost Centre #01-117 408600,1.318997,103.894895,western,open,directory,Twyst,Aglio olio pasta,danielfooddiary-singpost-2023,danielfooddiary-singpost-2023;danielfooddiary-singpost-2025;ordinarypatrons-singpost-2026,fndds2024,2708827,1 cup,2,generic equivalent,"Pasta with vegetables standing in for the aglio olio; the olive oil and protein are not modelled, so the figure is low. A plate is taken as two cups.",
ramen-keisuke-tonkotsu-king-niku-king,Ramen Keisuke Tonkotsu King Niku King,paya-lebar,Paya Lebar,66,Paya Lebar Square,#01-04,Paya Lebar Square #01-04 409051,1.318815,103.892581,japanese,open,directory,Ramen Keisuke Tonkotsu King,Tonkotsu ramen,eatbook-plsq-plq-2025,eatbook-pl-2015;eatbook-plsq-plq-2025;sethlui-plsq-2023,fndds2024,2709158,1 cup,2,similar dish,Ramen with meat and egg. A bowl is taken as two cups.,
hougang-oyster-omelette-and-fried-kway-teow,Hougang Oyster Omelette & Fried Kway Teow,hougang,Hougang,625,,,435 Hougang Ave 8 530435,1.377528,103.893603,chinese,open,notice-hougangoyster,,Oyster omelette,eatbook-hougang-2024,eatbook-hougang-2024;eatbook-kovan-hougang-2015;sethlui-hougang-2021,fndds2024,2707200,Quantity not specified,1,generic equivalent,An omelette made with oil (the FNDDS default portion) standing in for the oyster omelette; the oysters and starch batter are not modelled.,"Open on 1 Oct 2026, but the owners plan to retire and may close (SETHLUI.com, 1 Oct 2026)."
flavour-flings,Flavour Flings,hougang,Kovan,705,,#01-1348,121 Hougang Avenue 1 #01-1348 530121,1.353861,103.886937,western,open,guides,,Milo popcorn chicken,eatbook-kovan-2024,eatbook-kovan-2024;eatbook-kovan-hougang-2015;honeycombers-hougang-2024,fndds2024,2706094,Quantity not specified,1,generic equivalent,Restaurant chicken nuggets (the FNDDS default portion) standing in for the popcorn chicken; the Milo coating is not modelled.,
tachinomiya,Tachinomiya,hougang,Kovan,256,,#01-285,211 Hougang Street 21 #01-285 530211,1.359623,103.887717,japanese,open,guides,,Mentai salmon kushiyaki,eatbook-kovan-2024,eatbook-kovan-2024;eatbook-kovan-hougang-2015;honeycombers-hougang-2024,,,,,,"Kushiyaki are small skewers ordered by the piece in an izakaya, so there is no fixed portion.",
tong-kee-traditional-braised-duck,Tong Kee Traditional Braised Duck,paya-lebar,Paya Lebar,351,Haig Road Food Centre,#01-58,Haig Road Food Centre #01-58 430014,1.315425,103.895479,chinese,open,guides,,Braised duck rice,womensweekly-haig-2022,misstamchiak-haig-2019;misstamchiak-pl-2017;womensweekly-haig-2022,yeo2021,Roasted Chicken Rice,,,generic equivalent,Singapore roasted chicken rice standing in for the braised duck rice.,
zhenguang-wantan-noodles,Zhenguang Wantan Noodles,paya-lebar,Paya Lebar,351,Haig Road Food Centre,#01-67,Haig Road Food Centre #01-67 430014,1.315425,103.895479,chinese,open,guides,,Wanton noodles,eatbook-haig-2022,eatbook-haig-2022;misstamchiak-haig-2019;misstamchiak-pl-2017,yeo2021,Char Siew Wanton Noodle,,,same dish,,
bai-wei-mini-bowl,Bai Wei Mini Bowl,paya-lebar,Paya Lebar,201,SingPost Centre,#03-103,SingPost Centre #03-103 408600,1.318997,103.894895,chinese,open,directory,Bai Wei Mini Bowl,Sichuan boneless fried chicken (la zi ji),danielfooddiary-singpost-2025,danielfooddiary-singpost-2025;ordinarypatrons-singpost-2026,,,,,,"The shop serves small bowls that the diner combines, so there is no fixed portion.",
eat-3-bowls,Eat 3 Bowls,paya-lebar,Paya Lebar,201,SingPost Centre,#B1-126,SingPost Centre #B1-126 408600,1.318997,103.894895,chinese,open,directory,Eat 3 Bowls,Braised pork rice,danielfooddiary-singpost-2025,danielfooddiary-singpost-2025;ordinarypatrons-singpost-2026,fndds2024,2706515,1 cup,2,generic equivalent,Pork with rice standing in for the braised pork rice; the braising sauce is not modelled. A bowl is taken as two cups.,
genki-sushi,Genki Sushi,paya-lebar,Paya Lebar,201,SingPost Centre,#01-139,SingPost Centre #01-139 408600,1.318997,103.894895,japanese,open,directory,Genki Sushi,Sushi,danielfooddiary-singpost-2023,danielfooddiary-singpost-2023;ordinarypatrons-singpost-2026,fndds2024,2708959,1 piece,2,similar dish,One plate of two pieces of sushi. A meal is usually several plates.,
kopi-and-tarts,Kopi & Tarts,paya-lebar,Paya Lebar,201,SingPost Centre,#01-129,SingPost Centre #01-129,1.318997,103.894895,cafe-bakery,open,directory,Kopi & Tarts,Ice gula melaka teh,smartlocal-singpost-2018,ordinarypatrons-singpost-2026;smartlocal-singpost-2018,,,,,,No measured or survey reference for iced tea with gula melaka could be found.,
lau-wang-claypot,Lau Wang Claypot,paya-lebar,Paya Lebar,201,SingPost Centre,#01-137,SingPost Centre #01-137 408600,1.318997,103.894895,chinese,open,directory,Lau Wang Claypot,Sesame chicken claypot,danielfooddiary-singpost-2023,danielfooddiary-singpost-2023;ordinarypatrons-singpost-2026,fndds2024,2705939,"1 cup, cooked, diced",1,generic equivalent,Stewed chicken standing in for the claypot chicken; the sesame sauce and the rice are not modelled.,
mr-teh-tarik-express,Mr Teh Tarik Express,paya-lebar,Paya Lebar,201,SingPost Centre,#01-131,SingPost Centre #01-131,1.318997,103.894895,indian,open,directory,Mr Teh Tarik Express,Briyani chicken set,smartlocal-singpost-2018,ordinarypatrons-singpost-2026;smartlocal-singpost-2018,fndds2024,2706538,1 cup,2,similar dish,Chicken biryani; the sides of the set are not modelled. A plate is taken as two cups.,
pang-pang-kopi,Pang Pang Kopi,paya-lebar,Paya Lebar,201,SingPost Centre,#01-151,SingPost Centre #01-151 408600,1.318997,103.894895,cafe-bakery,open,directory,Pang Pang Kopi,Vegetarian kopitiam breakfast,danielfooddiary-singpost-2025,danielfooddiary-singpost-2025;ordinarypatrons-singpost-2026,,,,,,The guides recommend the vegetarian kopitiam menu but name no single dish.,
putien,Putien,paya-lebar,Paya Lebar,201,SingPost Centre,#03-106,SingPost Centre #03-106 408600,1.318997,103.894895,chinese,open,directory,Pu Tien,Duotou clams,danielfooddiary-singpost-2023,danielfooddiary-singpost-2023;ordinarypatrons-singpost-2026,,,,,,"A restaurant dish served for the table to share, so there is no per-person portion.",
so-fun3,So Fun3,paya-lebar,Paya Lebar,201,SingPost Centre,#B1-128,SingPost Centre #B1-128 408600,1.318997,103.894895,chinese,open,directory,So Fun3,Hunan rice noodles,danielfooddiary-singpost-2025,danielfooddiary-singpost-2025;ordinarypatrons-singpost-2026,fndds2024,2707124,1 cup,2,generic equivalent,Pho with meat standing in for the Hunan rice noodle soup. A bowl is taken as two cups.,
super-sushi,Super Sushi,paya-lebar,Paya Lebar,201,SingPost Centre,#B1-150,SingPost Centre #B1-150 408600,1.318997,103.894895,japanese,open,directory,Super Sushi,Mix-your-own sushi box,danielfooddiary-singpost-2025,danielfooddiary-singpost-2025;ordinarypatrons-singpost-2026,,,,,,"The diner builds the sushi box, so there is no fixed portion.",
tamoya-udon-and-tempura,Tamoya Udon and Tempura,paya-lebar,Paya Lebar,201,SingPost Centre,#01-149,SingPost Centre #01-149 408600,1.318997,103.894895,japanese,open,directory,Tamoya Udon and Tempura,Sanuki udon,danielfooddiary-singpost-2025,danielfooddiary-singpost-2025;ordinarypatrons-singpost-2026,fndds2024,2708352,"1 cup, cooked",2,generic equivalent,Plain cooked noodles standing in for the udon; the broth and toppings are not modelled. A bowl is taken as two cups.,
tempura-bar,Tempura Bar,paya-lebar,Paya Lebar,201,SingPost Centre,#01-114,SingPost Centre #01-114 408600,1.318997,103.894895,japanese,open,directory,Tempura Bar,Tempura set,danielfooddiary-singpost-2025,danielfooddiary-singpost-2025;ordinarypatrons-singpost-2026,fndds2024,2706844,Quantity not specified,1,similar dish,"Fish, tofu and vegetable tempura (the FNDDS default portion); the rice and soup of a set are not modelled.",
wingstop,Wingstop,paya-lebar,Paya Lebar,201,SingPost Centre,#B1-125,SingPost Centre #B1-125 408600,1.318997,103.894895,western,open,directory,Wingstop,Hand-sauced chicken wings,danielfooddiary-singpost-2025,danielfooddiary-singpost-2025;ordinarypatrons-singpost-2026,fndds2024,2706068,"1 wing, any size",6,similar dish,Six fried coated wings; the sauce is not modelled.,
chicha-san-chen,CHICHA San Chen,paya-lebar,Paya Lebar,67,PLQ Mall,"#02-27, PLQ Mall, Level 2",PLQ Mall #02-27,1.317709,103.893415,cafe-bakery,open,directory,CHICHA San Chen,Dong Ding oolong tea,eatbook-plsq-plq-2025,eatbook-plsq-plq-2025;timeout-pl-2024,fndds2024,2710492,1 large,1,similar dish,"A large cup of brewed oolong tea without sugar or milk; sugar, if the diner adds it, is not modelled.",
elemen,elemen,paya-lebar,Paya Lebar,67,PLQ Mall,"#03-13, PLQ Mall, Level 3",PLQ Mall #03-13 409057,1.317709,103.893415,chinese,open,directory,elemen 元素™,Five-course set,eatbook-plsq-plq-2025,citynomads-plq-2019;eatbook-plsq-plq-2025,,,,,,A five-course set has several dishes and no single reference.,
papa-ayam,Papa Ayam,paya-lebar,Paya Lebar,67,PLQ Mall,"#B2-K3, PLQ Mall, Basement 2",PLQ Mall #B2-K3,1.317709,103.893415,malay,open,directory,Papa Ayam,Ayam geprek original,eatbook-plsq-plq-2025,eatbook-plsq-plq-2025;getgo-pl-2024,yeo2021,Ayam Penyet,,,similar dish,Smashed fried chicken with sambal and rice; the measured reference is ayam penyet.,
yakiniku-like,Yakiniku Like,paya-lebar,Paya Lebar,66,PLQ Mall,"#B1-28, PLQ Mall, Basement 1",Paya Lebar Square #B1-28,1.318815,103.892581,japanese,open,directory,Yakiniku Like,Yakiniku set meal,eatbook-plsq-plq-2025,eatbook-plsq-plq-2025;hungrygowhere-pl-2023,,,,,,"The diner picks the meat and its weight, so there is no fixed portion.",
olla-specialty-coffee,Olla Specialty Coffee,woodleigh,Woodleigh,85,The Woodleigh Mall,#01-55,The Woodleigh Mall #01-55 367803,1.338731,103.87167,cafe-bakery,open,directory,OLLA Specialty Coffee,Black coffee,eatbook-bidadari-2025,danielfooddiary-woodleigh-2023;eatbook-bidadari-2025,fndds2024,2710375,1 cup (8 fl oz),1,same dish,,
eng-kee-chicken-wings,Eng Kee Chicken Wings,woodleigh,Woodleigh,42,Woodleigh Village Hawker Centre,#01-18,Woodleigh Village Hawker Centre #01-18 360202,1.339884,103.871433,chinese,open,guides,,Fried chicken wings,eatbook-wvhc-2024,danielfooddiary-wvhc-2025;eatbook-wvhc-2024,fndds2024,2706068,"1 wing, any size",4,similar dish,Four fried coated wings; the serving size is assumed.,
ming-chung-white-lor-mee,Ming Chung White Lor Mee,woodleigh,Woodleigh,42,Woodleigh Village Hawker Centre,#01-27,Woodleigh Village Hawker Centre #01-27 360202,1.339884,103.871433,chinese,open,guides,,Henghua lor mee,eatbook-wvhc-2024,danielfooddiary-wvhc-2025;eatbook-wvhc-2024,fndds2024,2706530,1 cup,2,generic equivalent,Noodles with gravy standing in for the Henghua lor mee. A bowl is taken as two cups.,
munchi-pancakes,Munchi Pancakes,woodleigh,Woodleigh,42,Woodleigh Village Hawker Centre,#01-38,Woodleigh Village Hawker Centre #01-38 360202,1.339884,103.871433,dessert,open,guides,,Min jiang kueh,eatbook-wvhc-2024,danielfooddiary-wvhc-2025;eatbook-wvhc-2024,fndds2024,2708304,1 extra large pancake,1,generic equivalent,A plain pancake standing in for the filled min jiang kueh; the filling is not modelled.,
penang-man,Penang Man,woodleigh,Woodleigh,42,Woodleigh Village Hawker Centre,#01-04,Woodleigh Village Hawker Centre #01-04 360202,1.339884,103.871433,southeast-asian,open,guides,,Penang prawn mee,danielfooddiary-wvhc-2025,danielfooddiary-wvhc-2025;sethlui-wvhc-2024,fndds2024,2706557,1 cup,2,generic equivalent,Shrimp and noodles in a soy-based sauce standing in for the prawn noodle soup. A bowl is taken as two cups.,
chimichanga,Chimichanga,paya-lebar,Paya Lebar,67,PLQ Mall,"#01-37, PLQ Mall, Level 1",PLQ Mall #01-37 409057,1.317709,103.893415,western,open,directory,Chimichanga,Borracho fish tacos,getgo-pl-2024,getgo-pl-2024;hungrygowhere-pl-2023,fndds2024,2708529,1 small/regular,3,similar dish,Three fish tacos are taken as one serving.,
coexist-coffee-co,Coexist Coffee Co.,paya-lebar,Paya Lebar,151,,#01-02,11 Eunos Road 8 #01-02 408601,1.319698,103.892345,cafe-bakery,open,guides,,Coffee tasting set,getgo-pl-2024,getgo-pl-2024;hungrygowhere-pl-2023,,,,,,A tasting set has several small cups and no single reference.,
sia-kee-duck-rice,Sia Kee Duck Rice,paya-lebar,Paya Lebar,469,,,659 Lor 35 Geylang 389589,1.314548,103.888386,chinese,open,guides,,Duck rice,getgo-pl-2024,getgo-pl-2024;nhb-gs-2020,yeo2021,Roasted Chicken Rice,,,generic equivalent,Singapore roasted chicken rice standing in for the duck rice.,
guan-kee-kway-chap,Guan Kee Kway Chap,woodleigh,Woodleigh,42,Woodleigh Village Hawker Centre,#01-19,Woodleigh Village Hawker Centre #01-19 360202,1.339884,103.871433,chinese,open,guides,,Kway chap set,eatbook-wvhc-2024,eatbook-wvhc-2024;sethlui-wvhc-2024,,,,,,"A kway chap set has braised meats and offal that the diner picks, so there is no fixed portion.",
ji-hui-lai-nasi-kerabu,Ji Hui Lai Nasi Kerabu,woodleigh,Woodleigh,42,Woodleigh Village Hawker Centre,#01-07,Woodleigh Village Hawker Centre #01-07 360202,1.339884,103.871433,malay,open,guides,,Nasi kerabu with fried chicken,eatbook-wvhc-2024,eatbook-wvhc-2024;sethlui-wvhc-2024,yeo2021,Nasi Lemak,,,generic equivalent,"Nasi lemak (rice, fried chicken and sambal) standing in for the nasi kerabu; the blue pea rice and herb salad differ.",
m-fried-rice-paradise,M+ Fried Rice Paradise,woodleigh,Woodleigh,42,Woodleigh Village Hawker Centre,#01-11,Woodleigh Village Hawker Centre #01-11 360202,1.339884,103.871433,chinese,open,guides,,Egg fried rice,eatbook-wvhc-2024,eatbook-wvhc-2024;sethlui-wvhc-2024,yeo2021,Yang Zhou Fried Rice,,,similar dish,The measured reference is Yang Zhou fried rice.,
pura-vida-cocina-mexican-fusion,Pura Vida Cocina Mexican Fusion,woodleigh,Woodleigh,42,Woodleigh Village Hawker Centre,#01-25,Woodleigh Village Hawker Centre #01-25 360202,1.339884,103.871433,western,open,guides,,Carne asada taco,eatbook-wvhc-2024,eatbook-wvhc-2024;sethlui-wvhc-2024,fndds2024,2708515,1 small/regular,2,similar dish,Beef tacos with cheese; two tacos are taken as one serving.,
style-palate,Style Palate,woodleigh,Woodleigh,42,Woodleigh Village Hawker Centre,#01-30,Woodleigh Village Hawker Centre #01-30 360202,1.339884,103.871433,western,open,guides,,Duck confit,eatbook-wvhc-2024,eatbook-wvhc-2024;sethlui-wvhc-2024,fndds2024,2706141,Quantity not specified,1,generic equivalent,Roast (Peking) duck meat (the FNDDS default portion) standing in for the duck confit; the sides are not modelled.,
poulet-woodleigh,Poulet Woodleigh,woodleigh,Woodleigh,85,The Woodleigh Mall,#B1-26/27,The Woodleigh Mall #B1-26 367803,1.338731,103.87167,western,open,directory,Poulet,Turmeric French poulet,danielfooddiary-woodleigh-2023,danielfooddiary-woodleigh-2023;smartlocal-woodleigh-2024,fndds2024,2705933,"1/2 chicken (yield after cooking, bone removed)",1,similar dish,Half a roast chicken with skin; the cilantro rice and sambal are not modelled.,
5-star-corner-western-food,5 Star Corner Western Food,hougang,Hougang,208,,,805 Hougang Central 530805,1.370683,103.894357,western,open,guides,,Chicken cutlet,eatbook-hougang-2024,eatbook-hougang-2024;sethlui-hougang-2021,fndds2024,2705949,1 piece,2,generic equivalent,Fried coated chicken standing in for the chicken cutlet; the sides are not included.,
happy-oven,Happy Oven,hougang,Hougang,872,,#01-505,678 Hougang Ave 8 #01-505 530678,1.370841,103.884236,dessert,open,guides,,Ondeh ondeh Swiss roll,eatbook-hougang-2024,eatbook-hougang-2024;honeycombers-hougang-2024,fndds2024,2707878,"1 piece/slice, any size",1,similar dish,A slice of jelly-roll cake; the pandan and gula melaka filling is not modelled.,
sweedy-patisserie,Sweedy Patisserie,hougang,Hougang,873,,#01-32,377 Hougang Street 32 #01-32 530377,1.362751,103.894907,dessert,open,guides,,Fatcarons,eatbook-hougang-2024,eatbook-hougang-2024;honeycombers-hougang-2024,,,,,,No measured or survey reference for filled macarons could be found.,
beer-basket,Beer Basket,hougang,Kovan,398,,,,1.362503,103.888033,western,open,guides,,Pizza,honeycombers-hougang-2024,honeycombers-hougang-2024;ladyironchef-kovan-2022,fndds2024,2708614,"1 piece, medium pizza",3,generic equivalent,Three slices of a medium cheese pizza; the toppings are not modelled.,
selegie-soya-bean,Selegie Soya Bean,hougang,Kovan,373,,,,1.36235,103.887872,dessert,open,guides,,Tau huay (soya beancurd),honeycombers-hougang-2024,honeycombers-hougang-2024;ladyironchef-kovan-2022,fndds2024,2707435,"1 cup (1/2"" cubes)",1,generic equivalent,Soybean curd standing in for the silken beancurd; the sugar syrup is not modelled.,
davis-prawn-court,Davis Prawn Court,hougang,Kovan,125,Kovan 209,#01-37,Kovan 209 #01-37 530209,1.359084,103.886055,chinese,open,guides,,Hokkien prawn noodles,herworld-kovan209-2023,eatbook-kovan-2024;herworld-kovan209-2023,yeo2021,Fried Hokkien Mee,,,same dish,,
tian-wai-tian-fish-head-steamboat,Tian Wai Tian Fish Head Steamboat,hougang,Kovan,172,,#01-89,203 Hougang Street 21 #01-89 530203,1.358163,103.8844,chinese,open,guides,,Fish head steamboat,eatbook-kovan-2024,eatbook-kovan-2024;ladyironchef-kovan-2022,,,,,,"A steamboat is shared at the table, so there is no per-person portion.",
fen-xiang-fried-kway-teow,Fen Xiang Fried Kway Teow,eunos,Eunos,146,Eunos Crescent Food Centre,#01-21,Eunos Crescent Food Centre #01-21,1.320331,103.904256,chinese,open,guides,,Char kway teow,sethlui-eunoscres-2022,sethlui-eunoscres-2022;womensweekly-eunoscres-2023,yeo2021,Char Kuay Teow,,,same dish,,
nasi-lemak-kukus,Nasi Lemak Kukus,eunos,Eunos,146,Eunos Crescent Food Centre,#01-26,Eunos Crescent Food Centre #01-26,1.320331,103.904256,malay,open,guides,,Nasi lemak kukus,womensweekly-eunoscres-2023,sethlui-eunoscres-2022;womensweekly-eunoscres-2023,yeo2021,Nasi Lemak,,,similar dish,Nasi lemak with steamed (kukus) rice; the measured reference is the usual nasi lemak.,
s-j-sickander-ammal-muslim-foods,S.J. Sickander Ammal Muslim Foods,eunos,Eunos,146,Eunos Crescent Food Centre,#01-05,Eunos Crescent Food Centre #01-05,1.320331,103.904256,indian,open,guides,,Roti prata,womensweekly-eunoscres-2023,sethlui-eunoscres-2022;womensweekly-eunoscres-2023,yeo2021,Roti Prata,,,same dish,,
watami-japanese-dining,Watami Japanese Dining,woodleigh,Woodleigh,85,The Woodleigh Mall,#02-21,The Woodleigh Mall #02-21 367803,1.338731,103.87167,japanese,open,directory,Watami Japanese Dining,Salmon & avocado maki,sethlui-woodleigh-2023,danielfooddiary-woodleigh-2023;sethlui-woodleigh-2023,,,,,,"SETHLUI.com recommends these dishes for sharing in a group, so there is no per-person portion.",
g-s-oli-thosei-and-food-stall,G.S. Oli Thosei & Food Stall,eunos,Eunos,577,Geylang Serai Food Centre,#02-138,Geylang Serai Food Centre #02-138,1.316736,103.898228,indian,open,guides,,Thosai,womensweekly-gs-2023,ordinarypatrons-gs-2016;womensweekly-gs-2023,yeo2021,Egg Thosai,,,similar dish,A plain thosai has no egg; the measured reference is an egg thosai.,
geylang-briyani-stall,Geylang Briyani Stall,eunos,Eunos,577,Geylang Serai Food Centre,#02-146,Geylang Serai Food Centre #02-146,1.316736,103.898228,indian,open,guides,,Nasi briyani kambing,sethlui-gs-2019,sethlui-gs-2019;womensweekly-gs-2023,yeo2021,Boneless Mutton Biryani,,,same dish,,
nasi-ayam-sambal,Nasi Ayam Sambal,eunos,Eunos,577,Geylang Serai Food Centre,#02-129,Geylang Serai Food Centre #02-129,1.316736,103.898228,,open,guides,,,,sethlui-gs-2019;womensweekly-gs-2023,,,,,,,
otak-otak-kampung,Otak-Otak Kampung,eunos,Eunos,577,Geylang Serai Food Centre,#02-164,Geylang Serai Food Centre #02-164,1.316736,103.898228,,open,guides,,,,sethlui-gs-2019;womensweekly-gs-2023,,,,,,,
warong-solo,Warong Solo,eunos,Eunos,577,Geylang Serai Food Centre,#02-123,Geylang Serai Food Centre #02-123,1.316736,103.898228,,open,guides,,,,sethlui-gs-2019;womensweekly-gs-2023,,,,,,,
mukshidonna,Mukshidonna,paya-lebar,Paya Lebar,334,KINEX,#01-30,KINEX #01-30 437157,1.314618,103.894738,,open,directory,Mukshidonna,,,danielfooddiary-kinex-2023;sethlui-kinex-2023,,,,,,,
don-lechon,Don Lechon,paya-lebar,Paya Lebar,274,Grandlink Square,#01-52,Grandlink Square #01-52,1.314191,103.891501,,open,guides,,,,eatbook-pl-2018;hungrygowhere-pl-2023,,,,,,,
zing-by-xi-yan,Zing by Xi Yan,paya-lebar,Paya Lebar,101,PLQ Mall,"#01-06 to 08 , PLQ Parkside, Level 1",2 Paya Lebar Road 409053,1.315837,103.892747,,open,directory,Zing,,,citynomads-pl-2022;hungrygowhere-pl-2023,,,,,,,
bedok-north-85-fried-oyster,Bedok North 85 Fried Oyster,hougang,Kovan,125,Kovan 209,#01-30,Kovan 209 #01-30,1.359084,103.886055,,open,guides,,,,herworld-kovan209-2023;sethlui-kovan209-2018,,,,,,,
chun-fu-fishball-minced-meat-noodle,Chun Fu Fishball Minced Meat Noodle,hougang,Kovan,125,Kovan 209,#01-04,Kovan 209 #01-04,1.359084,103.886055,,open,guides,,,,herworld-kovan209-2023;sethlui-kovan209-2018,,,,,,,
fa-ji-dessert,Fa Ji Dessert,hougang,Kovan,125,Kovan 209,#01-47,Kovan 209 #01-47,1.359084,103.886055,,open,guides,,,,eatbook-kovanmarket-2017;herworld-kovan209-2023,,,,,,,
kovan-rojak,Kovan Rojak,hougang,Kovan,125,Kovan 209,#01-39,Kovan 209 #01-39,1.359084,103.886055,,open,guides,,,,herworld-kovan209-2023;timeout-kovan209-2015,,,,,,,
dapur-penyet,Dapur Penyet,paya-lebar,Paya Lebar,237,City Plaza,#01-43,City Plaza #01-43 409286,1.314787,103.893472,,open,guides,,,,honeycombers-pl-2023;misstamchiak-pl-2017,,,,,,,
lee-do-restaurant,Lee Do Restaurant,ubi,Ubi,234,,#01-13,61 Ubi Avenue 2 #01-13 408898,1.33155,103.901248,,open,guides,,,,eatbook-ubi-2017;timeout-ubi-2023,,,,,,,
finest-song-kee-fishball-noodles,Finest Song Kee Fishball Noodles,woodleigh,Woodleigh,667,,,532 Upper Serangoon Road,1.34584,103.871599,,open,guides,,,,sethlui-serangoonkovan-2021;tatler-serangoon-2023,,,,,,,
qi-wei-chicken-claypot,Qi Wei Chicken Claypot,hougang,Kovan,183,,,947 Upper Serangoon Road,1.361489,103.886214,,open,guides,,,,sethlui-serangoonkovan-2021;tatler-serangoon-2023,,,,,,,
he-he,He He,hougang,Kovan,841,Hougang Hainanese Village Centre,#02-16,Hougang Hainanese Village Centre #02-16,1.354083,103.89013,,open,guides,,,,sethlui-hhvc-2022;timeout-hhvc-2014,,,,,,,
yong-seng-teochew-fishball-mee,Yong Seng Teochew Fishball Mee,hougang,Kovan,841,Hougang Hainanese Village Centre,#02-47,Hougang Hainanese Village Centre #02-47,1.354083,103.89013,,open,guides,,,,sethlui-hhvc-2022;timeout-hhvc-2014,,,,,,,
chin-heng-dessert,Chin Heng Dessert,paya-lebar,Paya Lebar,351,Haig Road Food Centre,#01-46,Haig Road Food Centre #01-46,1.315425,103.895479,,open,guides,,,,misstamchiak-haig-2019;womensweekly-haig-2022,,,,,,,
hougang-jing-jia-mutton-soup,Hougang Jing Jia Mutton Soup,paya-lebar,Paya Lebar,351,Haig Road Food Centre,#01-44,Haig Road Food Centre #01-44,1.315425,103.895479,,open,guides,,,,eatbook-haig-2022;womensweekly-haig-2022,,,,,,,
t-g-fish-porridge,T.G Fish Porridge,paya-lebar,Paya Lebar,351,Haig Road Food Centre,#01-50,Haig Road Food Centre #01-50,1.315425,103.895479,,open,guides,,,,eatbook-haig-2022;womensweekly-haig-2022,,,,,,,
rosy-and-nora,Rosy & Nora,paya-lebar,Paya Lebar,351,Haig Road Food Centre,,Haig Road Food Centre,1.315425,103.895479,,open,guides,,,,eatbook-haig-2022;nhb-gs-2020,,,,,,,
chug-chug,Chug Chug,paya-lebar,Paya Lebar,130,PLQ 3,#01-09,PLQ 3 #01-09 437161,1.315972,103.893489,,open,guides,,,,citynomads-pl-2022;danielfooddiary-plcafes-2020,,,,,,,
800-degrees-woodfired-pizza,800 Degrees Woodfired Pizza,paya-lebar,Paya Lebar,334,KINEX,,KINEX 437157,1.314618,103.894738,,closed,directory,,,,danielfooddiary-plcafes-2020;eatbook-kinex-2020;hungrygowhere-pl-2023;sethlui-kinex-2023,,,,,,,
beans-factory,Beans.Factory,woodleigh,Woodleigh,85,The Woodleigh Mall,#B1-K43,The Woodleigh Mall #B1-K43,1.338731,103.87167,,closed,directory,,,,eatbook-bidadari-2025;smartlocal-woodleigh-2024;timeout-woodleigh-2023,,,,,,,
brewerkz,Brewerkz,woodleigh,Woodleigh,85,The Woodleigh Mall,#02-20,The Woodleigh Mall #02-20 367803,1.338731,103.87167,,closed,directory,,,,danielfooddiary-woodleigh-2023;eatbook-bidadari-2025;honeycombers-woodleigh-2023;sethlui-woodleigh-2023,,,,,,,
chatramue,ChaTraMue,paya-lebar,Paya Lebar,67,PLQ Mall,#01-38,PLQ #01-38 409057,1.317709,103.893415,,closed,directory,,,,danielfooddiary-plcafes-2020;eatbook-plsq-plq-2025,,,,,,,
chong-qing-premium-grilled-fish,Chong Qing Premium Grilled Fish,paya-lebar,Paya Lebar,334,KINEX,#01-60,KINEX #01-60 437157,1.314618,103.894738,,closed,directory,,,,danielfooddiary-kinex-2023;eatbook-kinexnew-2021,,,,,,,
chu-yi-jia,Chu Yi Jia,paya-lebar,Paya Lebar,334,KINEX,,KINEX,1.314618,103.894738,,closed,directory,,,,eatbook-kinexnew-2021;hungrygowhere-pl-2023,,,,,,,
grove,Grove,paya-lebar,Paya Lebar,201,SingPost Centre,#01-151,SingPost Centre #01-151 408600,1.318997,103.894895,,closed,directory,,,,hungrygowhere-pl-2023;sethlui-plmrt-2018;smartlocal-singpost-2018,,,,,,,
hatter-street,Hatter Street,hougang,Kovan,326,,#01-333,212 Hougang Street 21 #01-333 530212,1.359521,103.88834,,closed,notice-hatterstreet,,,,eatbook-kovan-hougang-2015;honeycombers-hougang-2015;smartlocal-hougang-2014,,,,,,,"Rebranded as Hooloo in 2021, a different café (ladyironchef, 28 Sep 2021)."
hokkai-small-town,Hokkai Small Town,paya-lebar,Paya Lebar,334,KINEX,#01-67,KINEX #01-67,1.314618,103.894738,,closed,directory,,,,eatbook-kinex-2020;ordinarypatrons-kinex-2021,,,,,,,
hollin,Hollin,woodleigh,Woodleigh,85,The Woodleigh Mall,#01-56,The Woodleigh Mall #01-56,1.338731,103.87167,,closed,directory,,,,eatbook-woodleigh-2025;smartlocal-woodleigh-2024,,,,,,,
hoshino-coffee,Hoshino Coffee,paya-lebar,Paya Lebar,334,KINEX,#02-19,KINEX #02-19,1.314618,103.894738,,closed,directory,,,,eatbook-kinex-2020;ordinarypatrons-kinex-2021,,,,,,,
jimmy-monkey-cafe,Jimmy Monkey Cafe,paya-lebar,Paya Lebar,67,PLQ Mall,#01-10,PLQ #01-10 409057,1.317709,103.893415,,closed,directory,,,,danielfooddiary-plcafes-2020;eatbook-plsq-plq-2025;honeycombers-pl-2023,,,,,,,
lams-noodle-and-salt-baked-chicken,Lam's Noodle & Salt Baked Chicken,woodleigh,Woodleigh,85,The Woodleigh Mall,#B1-12,The Woodleigh Mall #B1-12,1.338731,103.87167,,closed,directory,,,,eatbook-bidadari-2025;sethlui-woodleigh-2023,,,,,,,
lucky-bird,Lucky Bird,paya-lebar,Paya Lebar,67,PLQ Mall,#01-P4,PLQ Mall #01-P4 409057,1.317709,103.893415,,closed,directory,,,,citynomads-plq-2019;sethlui-plq-2019,,,,,,,
moms-touch,Mom's Touch,paya-lebar,Paya Lebar,67,PLQ Mall,#01-37,PLQ Mall #01-37 409057,1.317709,103.893415,,closed,directory,,,,citynomads-plq-2019;sethlui-plq-2019,,,,,,,
morphine-coffee,Morphine Coffee,paya-lebar,Paya Lebar,67,PLQ Mall,#01-K5,PLQ #01-K5 409057,1.317709,103.893415,,closed,directory,,,,citynomads-pl-2022;citynomads-plq-2019;danielfooddiary-plcafes-2020;sethlui-plq-2019,,,,,,,
nuodle,Nuodle,paya-lebar,Paya Lebar,201,SingPost Centre,#01-136,SingPost Centre #01-136 408600,1.318997,103.894895,,closed,directory,,,,danielfooddiary-singpost-2023;eatbook-pl-2018;sethlui-plmrt-2018,,,,,,,
osomatsu-japanese-kitchen-and-bar,Osomatsu Japanese Kitchen & Bar,paya-lebar,Paya Lebar,334,KINEX,#02-21,KINEX #02-21 437157,1.314618,103.894738,,closed,directory,,,,citynomads-pl-2022;eatbook-kinexnew-2021;sethlui-kinex-2023,,,,,,,
patisserie-cle,Patisserie CLE,paya-lebar,Paya Lebar,53,,#01-01,29 Paya Lebar Road #01-01 409005,1.317049,103.891954,,closed,notice-patisseriecle,,,,citynomads-pl-2022;danielfooddiary-plcafes-2020,,,,,,,"The Paya Lebar shop has closed; the brand moved to River Valley and Dairy Farm (HungryGoWhere, 3 Nov 2023)."
project-acai,Project Acai,woodleigh,Woodleigh,85,The Woodleigh Mall,,The Woodleigh Mall,1.338731,103.87167,,closed,directory,,,,eatbook-woodleigh-2025;smartlocal-woodleigh-2024,,,,,,,
soul-coffee,Soul Coffee,paya-lebar,Paya Lebar,334,KINEX,#02-16,KINEX #02-16 437157,1.314618,103.894738,,closed,directory,,,,danielfooddiary-kinex-2023;hungrygowhere-pl-2023;sethlui-kinex-2023,,,,,,,
the-providore,The Providore,paya-lebar,Paya Lebar,67,PLQ Mall,#01-01,PLQ #01-01 409057,1.317709,103.893415,,closed,directory,,,,danielfooddiary-plcafes-2020;eatbook-plsq-plq-2025,,,,,,,
veganburg-woodleigh,VeganBurg Woodleigh,woodleigh,Woodleigh,85,The Woodleigh Mall,#01-37,The Woodleigh Mall #01-37 367803,1.338731,103.87167,,closed,directory,,,,danielfooddiary-woodleigh-2023;honeycombers-woodleigh-2023;sethlui-woodleigh-2023;timeout-woodleigh-2023,,,,,,,
wursthans-switzerland,Wursthans Switzerland,paya-lebar,Paya Lebar,67,PLQ Mall,#01-39,PLQ Mall #01-39 409057,1.317709,103.893415,,closed,directory,,,,citynomads-pl-2022;eatbook-plsq-plq-2025;hungrygowhere-pl-2023,,,,,,,
99-bistro,99 Bistro,paya-lebar,Paya Lebar,151,,#01-02,11 Eunos Road 8 #01-02 408601,1.319698,103.892345,,unverified,guides,,,,misstamchiak-pl-2017;sethlui-plmrt-2018,,,,,,,
alhambra-satay-club,Alhambra Satay Club,eunos,Eunos,577,Geylang Serai Food Centre,#02-145,Geylang Serai Food Centre #02-145,1.316736,103.898228,,unverified,guides,,,,ordinarypatrons-gs-2016;sethlui-gs-2019;timeout-gs-2012,,,,,,,
alrahman-kitchen,Alrahman Kitchen,eunos,Eunos,577,Geylang Serai Food Centre,#02-139,Geylang Serai Food Centre #02-139,1.316736,103.898228,,unverified,guides,,,,ordinarypatrons-gs-2016;sethlui-gs-2019,,,,,,,
apsn-cafe-for-all,APSN Cafe for All,eunos,Eunos,431,,#01-31,11 Jalan Ubi #01-31 409074,1.31717,103.899537,,unverified,guides,,,,eatbook-eunos-2018;misstamchiak-eunos-2017,,,,,,,
arnolds-fried-chicken,Arnold's Fried Chicken,paya-lebar,Paya Lebar,237,,,810 Geylang Rd 409286,1.314787,103.893472,,unverified,guides,,,,eatbook-pl-2015;eatbook-pl-2018;misstamchiak-pl-2017;nhb-gs-2020,,,,,,,
cendol-geylang-serai,Cendol Geylang Serai,eunos,Eunos,577,Geylang Serai Food Centre,#02-107,Geylang Serai Food Centre #02-107,1.316736,103.898228,,unverified,guides,,,,ordinarypatrons-gs-2016;sethlui-gs-2019,,,,,,,
crispy-roti-prata,Crispy Roti Prata,ubi,Ubi,487,,,350 Ubi Avenue 1 400350,1.325804,103.901292,,unverified,guides,,,,ladyironchef-ubi-2019;misstamchiak-taiseng-2019,,,,,,,
da-zhong-cafe,Da Zhong Cafe,hougang,Kovan,841,Hougang Hainanese Village Centre,#02-20,Hougang Hainanese Village Centre #02-20,1.354083,103.89013,,unverified,guides,,,,honeycombers-hougang-2015;rantingpanda-hhvc-2020,,,,,,,
dong-jin-yuan-dian-xin,Dong Jin Yuan Dian Xin,hougang,Kovan,841,Hougang Hainanese Village Centre,#02-04,Hougang Hainanese Village Centre #02-04,1.354083,103.89013,,unverified,guides,,,,rantingpanda-hhvc-2020;timeout-hhvc-2014,,,,,,,
fa-ji-minced-meat-fishball-noodle,Fa Ji Minced Meat Fishball Noodle,hougang,Kovan,125,Kovan 209,#01-05,Kovan 209 #01-05,1.359084,103.886055,,unverified,guides,,,,eatbook-kovanmarket-2017;sethlui-kovan209-2018;timeout-kovan209-2015,,,,,,,
geylang-serai-chee-kong-cheng-tng,Geylang Serai Chee Kong Cheng Tng,eunos,Eunos,577,Geylang Serai Food Centre,,Geylang Serai Food Centre,1.316736,103.898228,,unverified,guides,,,,ordinarypatrons-gs-2016;timeout-gs-2012,,,,,,,
hajjah-mona-nasi-padang,Hajjah Mona Nasi Padang,eunos,Eunos,577,Geylang Serai Food Centre,,Geylang Serai Food Centre,1.316736,103.898228,,unverified,guides,,,,ordinarypatrons-gs-2016;timeout-gs-2012,,,,,,,
knuckles,Knuckles,hougang,Kovan,326,,#01-33,212 Hougang Street 21 #01-33 530212,1.359521,103.88834,,unverified,guides,,,,honeycombers-hougang-2015;smartlocal-hougang-2014,,,,,,,
le-chasseur,Le Chasseur,eunos,Eunos,369,,,27 Eunos Road 409387,1.320749,103.899481,,unverified,guides,,,,eatbook-eunos-2018;misstamchiak-eunos-2017,,,,,,,
mr-and-mrs-mohgans-super-crispy-roti-prata,Mr and Mrs Mohgan's Super Crispy Roti Prata,eunos,Eunos,870,,,300 Joo Chiat Road 429356,1.312493,103.899219,,unverified,guides,,,,eatbook-pl-2015;eatbook-pl-2018;misstamchiak-pl-2017,,,,,,,
mr-lorbak,Mr Lorbak,ubi,Ubi,487,,,350 Ubi Ave 1 400350,1.325804,103.901292,,unverified,guides,,,,eatbook-ubi-2017;ladyironchef-ubi-2019;misstamchiak-taiseng-2019,,,,,,,
niu-zou-la-mian-muslim-food,Niu Zou La Mian Muslim Food,ubi,Ubi,505,,,325 Ubi Avenue 1 408325,1.327705,103.903826,,unverified,guides,,,,ladyironchef-ubi-2019;misstamchiak-taiseng-2019,,,,,,,
nuevo-cafe,Nuevo Cafe,paya-lebar,Paya Lebar,489,,#01-01,115 Eunos Avenue 3 #01-01 409839,1.31942,103.897485,,unverified,guides,,,,danielfooddiary-plcafes-2020;eatbook-eunos-2018,,,,,,,
pondok-pantai-timur,Pondok Pantai Timur,ubi,Ubi,245,,,301 Ubi Avenue 1 400301,1.330688,103.901953,,unverified,guides,,,,eatbook-ubi-2017;ieatishootipost-ubi-2019;ladyironchef-ubi-2019;misstamchiak-taiseng-2019,,,,,,,
poon-nah-city-ban-mian,Poon Nah City Ban Mian,paya-lebar,Paya Lebar,237,City Plaza,#05-02,City Plaza #05-02 409286,1.314787,103.893472,,unverified,guides,,,,eatbook-pl-2018;misstamchiak-pl-2017;sethlui-plmrt-2018,,,,,,,
sinar-pagi-nasi-padang,Sinar Pagi Nasi Padang,eunos,Eunos,577,Geylang Serai Food Centre,#02-137,Geylang Serai Food Centre #02-137,1.316736,103.898228,,unverified,guides,,,,ordinarypatrons-gs-2016;timeout-gs-2012,,,,,,,
tai-seng-fish-soup,Tai Seng Fish Soup,ubi,Ubi,172,,#01-99,3024 Ubi Road 3 #01-99 408652,1.328836,103.8974,,unverified,guides,,,,ieatishootipost-ubi-2019;ladyironchef-ubi-2019;misstamchiak-taiseng-2019,,,,,,,
ubi-dmq,Ubi DMQ,ubi,Ubi,157,,#01-95,304 Ubi Avenue 1 #01-95 400304,1.329553,103.901229,,unverified,guides,,,,eatbook-ubi-2017;misstamchiak-taiseng-2019,,,,,,,
xiang-rui-porridge,Xiang Rui Porridge,hougang,Kovan,125,Kovan 209,#01-28,Kovan 209 #01-28,1.359084,103.886055,,unverified,guides,,,,eatbook-kovanmarket-2017;sethlui-kovan209-2018,,,,,,,
yi-shi-jia-wanton-mee,Yi Shi Jia Wanton Mee,hougang,Kovan,125,Kovan 209,#01-57,Kovan 209 #01-57,1.359084,103.886055,,unverified,guides,,,,sethlui-kovan209-2018;timeout-kovan209-2015,,,,,,,
