id,name,amount,visits,when,dmy,amb,mixed,note,temp,flag,score,junk
00017,Ann Lee,"1,234",8,2026-01-05,13/01/2026,01/02/2026,2026-01-05,"first line
second line",21.5,yes,1,47
00018,Bob Tan,"12,500",NA,2026-01-06,14/01/2026,02/03/2026,15/01/2026,ok,-999,no,2,84
00019,Cy Ng,987,9,2026-01-07,15/01/2026,03/04/2026,2026-01-07,,22.0,yes,3,20
00020,Di Ho,"2,001",3,2026-02-30,16/01/2026,04/05/2026,16/01/2026,"comma, inside",22.4,no,4,57
00021,Ed Ong,45,10,2026-01-09,17/01/2026,05/06/2026,2026-01-09,ok,23.1,yes,5,94
00022,Fay Lim,"3,450",NA,2026-01-10,18/01/2026,06/07/2026,17/01/2026,ok,-999,no,1,30
00023,Gus Teo,560,11,2026-01-11,19/01/2026,07/08/2026,2026-01-11,ok,24.0,yes,2,abc
00024,Hal Koh,"10,000",5,2026-01-12,20/01/2026,08/09/2026,18/01/2026,ok,24.6,no,3,104
00025,Ivy Goh,78,12,2026-01-13,21/01/2026,09/10/2026,2026-01-13,ok,25.2,yes,4,40
00026,Jon Wee,"4,321",6,2026-01-14,22/01/2026,10/11/2026,19/01/2026,ok,25.9,no,5,77
00027,Kim Yeo,90,13,2026-01-15,23/01/2026,11/12/2026,2026-01-15,ok,26.3,yes,1,13
00028,Lee Chua,"5,005",7,2026-01-16,24/01/2026,12/01/2026,20/01/2026,ok,26.8,no,2,50
00029,May Toh,612,1,2026-01-17,25/01/2026,01/03/2026,2026-01-17,ok,27.4,yes,3,87
00030,Ned Lau,"6,780",8,2026-01-18,26/01/2026,02/04/2026,21/01/2026,ok,27.9,no,4,23
00031,Oli Sim,33,2,2026-01-19,27/01/2026,03/05/2026,2026-01-19,ok,28.5,yes,5,60
00032,Pam Yap,"7,700",9,2026-01-20,28/01/2026,04/06/2026,22/01/2026,ok,29.0,no,1,97
00033,Quin Ho,820,3,2026-01-21,29/01/2026,05/07/2026,2026-01-21,ok,29.6,yes,2,33
00034,Ray Low
00035,Sue Pan,"8,080",20,2026-01-22,30/01/2026,06/08/2026,23/01/2026,ok,30.1,no,3,27,extra
00036,Tom Kua,1,10,2026-01-23,31/01/2026,07/09/2026,2026-01-23,ok,30.7,yes,4,70
00037,Uma Seah,"9,999",4,2026-01-24,13/02/2026,08/10/2026,24/01/2026,ok,31.2,no,5,107
00038,Val Ang,14,11,2026-01-25,14/02/2026,09/11/2026,2026-01-25,ok,31.8,yes,1,43
00039,Wei Tay,"1,500",5,2026-01-26,15/02/2026,10/12/2026,25/01/2026,ok,32.3,no,2,80
00040,Xin Foo,600,12,2026-01-27,16/02/2026,11/01/2026,2026-01-27,ok,32.9,yes,3,16
00041,Yan Ho,"2,750",6,2026-01-28,17/02/2026,12/02/2026,26/01/2026,ok,33.4,no,4,53
00042,Zed Ko,99,13,2026-01-29,18/02/2026,01/04/2026,2026-01-29,ok,34.0,yes,5,90
00043,Ada Pek,"3,003",7,2026-01-30,19/02/2026,02/05/2026,27/01/2026,ok,34.5,no,1,26
00044,Ben Sia,410,1,2026-01-31,20/02/2026,03/06/2026,2026-01-31,ok,35.1,yes,2,63
00045,Cal Hew,"4,040",8,2026-02-01,21/02/2026,04/07/2026,28/01/2026,ok,35.6,no,3,100
00046,Dee Lum,52,2,2026-02-02,22/02/2026,05/08/2026,2026-02-02,ok,36.2,yes,4,36
