"STATION","NAME","DATE","AWND","AWND_ATTRIBUTES","PRCP","PRCP_ATTRIBUTES","SNOW","SNOW_ATTRIBUTES","SNWD","SNWD_ATTRIBUTES","TMAX","TMAX_ATTRIBUTES","TMIN","TMIN_ATTRIBUTES","WDF2","WDF2_ATTRIBUTES","WSF2","WSF2_ATTRIBUTES"
"USW00094728","NY CITY CENTRAL PARK, NY US","2024-01-01","1.5",",,W","0.8",",,W,2400","0.0",",,W,2400","0.0",",,W,2400","8.3",",,W","1.7",",,W","  270",",,W","4.0",",,W"
"USW00094728","NY CITY CENTRAL PARK, NY US","2024-01-02","1.8",",,W","0.0",",,W,2400","0.0",",,W,2400","0.0",",,W,2400","5.6",",,W","-1.6",",,W","  300",",,W","4.5",",,W"
"USW00094728","NY CITY CENTRAL PARK, NY US","2024-01-03","2.2",",,W","0.0",",,W,2400","0.0",",,W,2400","0.0",",,W,2400","6.1",",,W","1.1",",,W","  300",",,W","4.5",",,W"
"USW00094728","NY CITY CENTRAL PARK, NY US","2024-01-04","3.4",",,W","0.0","T,,W,2400","0.0","T,,W,2400","0.0",",,W,2400","7.2",",,W","-2.1",",,W","  310",",,W","8.9",",,W"
"USW00094728","NY CITY CENTRAL PARK, NY US","2024-01-05","3.2",",,W","0.0",",,W,2400","0.0",",,W,2400","0.0",",,W,2400","2.8",",,W","-3.2",",,W","  300",",,W","7.2",",,W"
"USW00094728","NY CITY CENTRAL PARK, NY US","2024-01-06","3.1",",,W","10.4",",,W,2400","5.0",",,W,2400","0.0",",,W,2400","3.3",",,W","-0.5",",,W","   70",",,W","10.3",",,W"
"USW00094728","NY CITY CENTRAL PARK, NY US","2024-01-07","3.4",",,W","6.1",",,W,2400","0.0","T,,W,2400","0.0",",,W,2400","3.3",",,W","1.1",",,W","   50",",,W","6.7",",,W"
"USW00094728","NY CITY CENTRAL PARK, NY US","2024-01-08","2.3",",,W","0.0",",,W,2400","0.0",",,W,2400","0.0",",,W,2400","7.2",",,W","2.2",",,W","  300",",,W","8.1",",,W"
"USW00094728","NY CITY CENTRAL PARK, NY US","2024-01-09","2.9",",,W","43.9",",,W,2400","0.0",",,W,2400","0.0",",,W,2400","13.9",",,W","2.2",",,W","  150",",,W","10.3",",,W"
"USW00094728","NY CITY CENTRAL PARK, NY US","2024-01-10","3.8",",,W","5.6",",,W,2400","0.0",",,W,2400","0.0",",,W,2400","13.9",",,W","6.7",",,W","  240",",,W","9.8",",,W"
"USW00094728","NY CITY CENTRAL PARK, NY US","2024-01-11","3.1",",,W","0.0",",,W,2400","0.0",",,W,2400","0.0",",,W,2400","8.3",",,W","5.0",",,W","  240",",,W","6.7",",,W"
"USW00094728","NY CITY CENTRAL PARK, NY US","2024-01-12","3.1",",,W","2.0",",,W,2400","0.0",",,W,2400","0.0",",,W,2400","10.0",",,W","4.4",",,W","   80",",,W","7.2",",,W"
"USW00094728","NY CITY CENTRAL PARK, NY US","2024-01-13","4.3",",,W","20.6",",,W,2400","0.0",",,W,2400","0.0",",,W,2400","15.6",",,W","1.7",",,W","  270",",,W","9.4",",,W"
"USW00094728","NY CITY CENTRAL PARK, NY US","2024-01-14","3.7",",,W","0.0","T,,W,2400","0.0","T,,W,2400","0.0",",,W,2400","6.7",",,W","-3.2",",,W","  270",",,W","11.2",",,W"
"USW00094728","NY CITY CENTRAL PARK, NY US","2024-01-15","2.3",",,W","1.0",",,W,2400","10.0",",,W,2400","0.0",",,W,2400","-1.6",",,W","-4.9",",,W","  280",",,W","5.8",",,W"
"USW00094728","NY CITY CENTRAL PARK, NY US","2024-01-16","4.1",",,W","7.1",",,W,2400","33.0",",,W,2400","30.0",",,W,2400","0.0",",,W","-5.5",",,W","   40",",,W","9.4",",,W"
"USW00094728","NY CITY CENTRAL PARK, NY US","2024-01-17","3.7",",,W","0.0",",,W,2400","0.0",",,W,2400","30.0",",,W,2400","-4.3",",,W","-8.2",",,W","  240",",,W","8.1",",,W"
"USW00094728","NY CITY CENTRAL PARK, NY US","2024-01-18","2.7",",,W","0.0","T,,W,2400","0.0","T,,W,2400","30.0",",,W,2400","1.1",",,W","-5.5",",,W","  230",",,W","7.2",",,W"
"USW00094728","NY CITY CENTRAL PARK, NY US","2024-01-19","3.3",",,W","1.0",",,W,2400","10.0",",,W,2400","30.0",",,W,2400","0.0",",,W","-3.2",",,W","   40",",,W","9.8",",,W"
"USW00094728","NY CITY CENTRAL PARK, NY US","2024-01-20","4.8",",,W","0.0",",,W,2400","0.0",",,W,2400","30.0",",,W,2400","-3.2",",,W","-7.7",",,W","  340",",,W","9.4",",,W"
"USW00094728","NY CITY CENTRAL PARK, NY US","2024-01-21","4.1",",,W","0.0",",,W,2400","0.0",",,W,2400","30.0",",,W,2400","-0.5",",,W","-6.6",",,W","  310",",,W","9.4",",,W"
"USW00094728","NY CITY CENTRAL PARK, NY US","2024-01-22","3.2",",,W","0.0",",,W,2400","0.0",",,W,2400","30.0",",,W,2400","3.3",",,W","-3.8",",,W","  230",",,W","6.7",",,W"
"USW00094728","NY CITY CENTRAL PARK, NY US","2024-01-23","2.2",",,W","1.3",",,W,2400","0.0",",,W,2400","30.0",",,W,2400","4.4",",,W","1.1",",,W","  340",",,W","7.2",",,W"
"USW00094728","NY CITY CENTRAL PARK, NY US","2024-01-24",,,"1.3",",,W,2400","0.0",",,W,2400","0.0",",,W,2400","8.9",",,W","3.3",",,W","   90",",,W","5.4",",,W"
"USW00094728","NY CITY CENTRAL PARK, NY US","2024-01-25","1.9",",,W","6.1",",,W,2400","0.0",",,W,2400","0.0",",,W,2400","15.0",",,W","7.8",",,W","   90",",,W","5.8",",,W"
"USW00094728","NY CITY CENTRAL PARK, NY US","2024-01-26","2.5",",,W","4.8",",,W,2400","0.0",",,W,2400","0.0",",,W,2400","7.8",",,W","5.6",",,W","   50",",,W","5.8",",,W"
"USW00094728","NY CITY CENTRAL PARK, NY US","2024-01-27",,,"0.0",",,W,2400","0.0",",,W,2400","0.0",",,W,2400","9.4",",,W","6.1",",,W","   10",",,W","4.9",",,W"
"USW00094728","NY CITY CENTRAL PARK, NY US","2024-01-28","4.2",",,W","20.8",",,W,2400","0.0",",,W,2400","0.0",",,W,2400","6.7",",,W","2.8",",,W","   60",",,W","11.6",",,W"
"USW00094728","NY CITY CENTRAL PARK, NY US","2024-01-29","3.4",",,W","1.3",",,W,2400","0.0","T,,W,2400","0.0",",,W,2400","4.4",",,W","2.2",",,W","   30",",,W","7.6",",,W"
"USW00094728","NY CITY CENTRAL PARK, NY US","2024-01-30","2.1",",,W","0.0","T,,W,2400","0.0","T,,W,2400","0.0",",,W,2400","3.3",",,W","1.7",",,W","   70",",,W","6.3",",,W"
"USW00094728","NY CITY CENTRAL PARK, NY US","2024-01-31","1.6",",,W","0.0","T,,W,2400","0.0","T,,W,2400","0.0",",,W,2400","4.4",",,W","1.1",",,W","   80",",,W","4.5",",,W"
"USW00094728","NY CITY CENTRAL PARK, NY US","2024-02-01","1.7",",,W","0.0",",,W,2400","0.0",",,W,2400","0.0",",,W,2400","7.8",",,W","2.8",",,W","  250",",,W","5.4",",,W"
"USW00094728","NY CITY CENTRAL PARK, NY US","2024-02-02","2.6",",,W","8.1",",,W,2400","0.0",",,W,2400","0.0",",,W,2400","7.8",",,W","3.3",",,W","  360",",,W","5.8",",,W"
"USW00094728","NY CITY CENTRAL PARK, NY US","2024-02-03","3.7",",,W","0.0",",,W,2400","0.0",",,W,2400","0.0",",,W,2400","6.1",",,W","0.0",",,W","   10",",,W","6.7",",,W"
"USW00094728","NY CITY CENTRAL PARK, NY US","2024-02-04","2.3",",,W","0.0",",,W,2400","0.0",",,W,2400","0.0",",,W,2400","7.8",",,W","-0.5",",,W","   20",",,W","6.3",",,W"
"USW00094728","NY CITY CENTRAL PARK, NY US","2024-02-05","3.3",",,W","0.0",",,W,2400","0.0",",,W,2400","0.0",",,W,2400","7.2",",,W","0.0",",,W","   40",",,W","7.6",",,W"
"USW00094728","NY CITY CENTRAL PARK, NY US","2024-02-06","3.0",",,W","0.0",",,W,2400","0.0",",,W,2400","0.0",",,W,2400","5.6",",,W","-1.6",",,W","   40",",,W","6.7",",,W"
"USW00094728","NY CITY CENTRAL PARK, NY US","2024-02-07","1.9",",,W","0.0",",,W,2400","0.0",",,W,2400","0.0",",,W,2400","8.9",",,W","0.6",",,W","   60",",,W","4.0",",,W"
"USW00094728","NY CITY CENTRAL PARK, NY US","2024-02-08","1.4",",,W","0.0",",,W,2400","0.0",",,W,2400","0.0",",,W,2400","11.7",",,W","2.8",",,W","  180",",,W","4.0",",,W"
"USW00094728","NY CITY CENTRAL PARK, NY US","2024-02-09","1.9",",,W","0.0",",,W,2400","0.0",",,W,2400","0.0",",,W,2400","12.8",",,W","6.1",",,W","  140",",,W","4.5",",,W"
"USW00094728","NY CITY CENTRAL PARK, NY US","2024-02-10","1.4",",,W","0.0",",,W,2400","0.0",",,W,2400","0.0",",,W,2400","15.6",",,W","8.3",",,W","  220",",,W","4.5",",,W"
"USW00094728","NY CITY CENTRAL PARK, NY US","2024-02-11","2.6",",,W","0.0",",,W,2400","0.0",",,W,2400","0.0",",,W,2400","13.3",",,W","6.1",",,W","  310",",,W","5.8",",,W"
"USW00094728","NY CITY CENTRAL PARK, NY US","2024-02-12","1.9",",,W","0.0","T,,W,2400","0.0",",,W,2400","0.0",",,W,2400","8.9",",,W","2.8",",,W","   60",",,W","6.3",",,W"
"USW00094728","NY CITY CENTRAL PARK, NY US","2024-02-13","3.8",",,W","19.6",",,W,2400","81.0",",,W,2400","30.0",",,W,2400","5.0",",,W","0.6",",,W","   70",",,W","7.6",",,W"
"USW00094728","NY CITY CENTRAL PARK, NY US","2024-02-14","5.1",",,W","0.0","T,,W,2400","0.0","T,,W,2400","50.0",",,W,2400","3.3",",,W","-1.6",",,W","  300",",,W","9.8",",,W"
"USW00094728","NY CITY CENTRAL PARK, NY US","2024-02-15","2.7",",,W","0.0",",,W,2400","0.0",",,W,2400","0.0","T,,W,2400","3.9",",,W","-2.7",",,W","  310",",,W","5.8",",,W"
"USW00094728","NY CITY CENTRAL PARK, NY US","2024-02-16","3.7",",,W","0.0",",,W,2400","0.0",",,W,2400","0.0",",,W,2400","6.1",",,W","2.2",",,W","  310",",,W","8.9",",,W"
"USW00094728","NY CITY CENTRAL PARK, NY US","2024-02-17","3.4",",,W","4.6",",,W,2400","51.0",",,W,2400","50.0",",,W,2400","2.2",",,W","-2.7",",,W","  310",",,W","6.7",",,W"
"USW00094728","NY CITY CENTRAL PARK, NY US","2024-02-18","3.2",",,W","0.0",",,W,2400","0.0",",,W,2400","0.0","T,,W,2400","4.4",",,W","-3.2",",,W","  240",",,W","8.1",",,W"
"USW00094728","NY CITY CENTRAL PARK, NY US","2024-02-19","2.2",",,W","0.0",",,W,2400","0.0",",,W,2400","0.0",",,W,2400","5.0",",,W","-0.5",",,W","  300",",,W","6.7",",,W"
"USW00094728","NY CITY CENTRAL PARK, NY US","2024-02-20","2.4",",,W","0.0",",,W,2400","0.0",",,W,2400","0.0",",,W,2400","4.4",",,W","-3.2",",,W","   40",",,W","6.7",",,W"
"USW00094728","NY CITY CENTRAL PARK, NY US","2024-02-21","2.1",",,W","0.0",",,W,2400","0.0",",,W,2400","0.0",",,W,2400","6.1",",,W","-1.0",",,W","  130",",,W","5.4",",,W"
"USW00094728","NY CITY CENTRAL PARK, NY US","2024-02-22","1.7",",,W","1.0",",,W,2400","0.0",",,W,2400","0.0",",,W,2400","7.2",",,W","1.7",",,W","  130",",,W","5.8",",,W"
"USW00094728","NY CITY CENTRAL PARK, NY US","2024-02-23","1.3",",,W","1.0",",,W,2400","0.0",",,W,2400","0.0",",,W,2400","8.3",",,W","5.6",",,W","  300",",,W","4.0",",,W"
"USW00094728","NY CITY CENTRAL PARK, NY US","2024-02-24","2.9",",,W","0.0",",,W,2400","0.0",",,W,2400","0.0",",,W,2400","6.7",",,W","-2.1",",,W","  300",",,W","7.2",",,W"
"USW00094728","NY CITY CENTRAL PARK, NY US","2024-02-25","1.9",",,W","0.0",",,W,2400","0.0",",,W,2400","0.0",",,W,2400","5.0",",,W","-4.9",",,W","  220",",,W","5.8",",,W"
"USW00094728","NY CITY CENTRAL PARK, NY US","2024-02-26","2.0",",,W","0.3",",,W,2400","0.0",",,W,2400","0.0",",,W,2400","12.8",",,W","1.7",",,W","  220",",,W","5.8",",,W"
"USW00094728","NY CITY CENTRAL PARK, NY US","2024-02-27","2.2",",,W","13.2",",,W,2400","0.0",",,W,2400","0.0",",,W,2400","12.8",",,W","4.4",",,W","  140",",,W","5.4",",,W"
"USW00094728","NY CITY CENTRAL PARK, NY US","2024-02-28","3.4",",,W","4.3",",,W,2400","0.0",",,W,2400","0.0",",,W,2400","16.7",",,W","6.7",",,W","  280",",,W","12.5",",,W"
"USW00094728","NY CITY CENTRAL PARK, NY US","2024-02-29","4.5",",,W","0.0",",,W,2400","0.0",",,W,2400","0.0",",,W,2400","6.1",",,W","-0.5",",,W","  310",",,W","10.7",",,W"
"USW00094728","NY CITY CENTRAL PARK, NY US","2024-03-01","1.9",",,W","0.0",",,W,2400","0.0",",,W,2400","0.0",",,W,2400","8.9",",,W","-1.0",",,W","  140",",,W","6.3",",,W"
"USW00094728","NY CITY CENTRAL PARK, NY US","2024-03-02","2.0",",,W","32.3",",,W,2400","0.0",",,W,2400","0.0",",,W,2400","12.8",",,W","5.6",",,W","  130",",,W","5.4",",,W"
"USW00094728","NY CITY CENTRAL PARK, NY US","2024-03-03","1.9",",,W","0.0",",,W,2400","0.0",",,W,2400","0.0",",,W,2400","20.0",",,W","8.9",",,W","   60",",,W","5.4",",,W"
"USW00094728","NY CITY CENTRAL PARK, NY US","2024-03-04","2.6",",,W","0.0",",,W,2400","0.0",",,W,2400","0.0",",,W,2400","15.0",",,W","7.8",",,W","  100",",,W","5.8",",,W"
"USW00094728","NY CITY CENTRAL PARK, NY US","2024-03-05","4.1",",,W","10.9",",,W,2400","0.0",",,W,2400","0.0",",,W,2400","9.4",",,W","5.6",",,W","   60",",,W","10.3",",,W"
"USW00094728","NY CITY CENTRAL PARK, NY US","2024-03-06","2.1",",,W","30.5",",,W,2400","0.0",",,W,2400","0.0",",,W,2400","11.7",",,W","8.3",",,W","   60",",,W","9.4",",,W"
"USW00094728","NY CITY CENTRAL PARK, NY US","2024-03-07","3.5",",,W","2.8",",,W,2400","0.0",",,W,2400","0.0",",,W,2400","12.2",",,W","6.7",",,W","   20",",,W","8.9",",,W"
"USW00094728","NY CITY CENTRAL PARK, NY US","2024-03-08","2.3",",,W","0.0",",,W,2400","0.0",",,W,2400","0.0",",,W,2400","13.9",",,W","4.4",",,W","   60",",,W","6.7",",,W"
"USW00094728","NY CITY CENTRAL PARK, NY US","2024-03-09","3.3",",,W","38.9",",,W,2400","0.0",",,W,2400","0.0",",,W,2400","9.4",",,W","5.0",",,W","   90",",,W","8.9",",,W"
"USW00094728","NY CITY CENTRAL PARK, NY US","2024-03-10","4.3",",,W","0.8",",,W,2400","0.0",",,W,2400","0.0",",,W,2400","10.6",",,W","2.8",",,W","  280",",,W","9.8",",,W"
"USW00094728","NY CITY CENTRAL PARK, NY US","2024-03-11","5.7",",,W","0.0","T,,W,2400","0.0","T,,W,2400","0.0",",,W,2400","11.1",",,W","1.7",",,W","  310",",,W","11.6",",,W"
"USW00094728","NY CITY CENTRAL PARK, NY US","2024-03-12","2.7",",,W","0.0",",,W,2400","0.0",",,W,2400","0.0",",,W,2400","18.9",",,W","6.1",",,W","  280",",,W","6.7",",,W"
"USW00094728","NY CITY CENTRAL PARK, NY US","2024-03-13","1.6",",,W","0.0",",,W,2400","0.0",",,W,2400","0.0",",,W,2400","16.7",",,W","8.9",",,W","  140",",,W","5.4",",,W"
"USW00094728","NY CITY CENTRAL PARK, NY US","2024-03-14","1.1",",,W","0.0",",,W,2400","0.0",",,W,2400","0.0",",,W,2400","23.3",",,W","7.8",",,W","  140",",,W","5.4",",,W"
"USW00094728","NY CITY CENTRAL PARK, NY US","2024-03-15","3.0",",,W","0.0","T,,W,2400","0.0",",,W,2400","0.0",",,W,2400","22.8",",,W","10.6",",,W","  300",",,W","8.1",",,W"
"USW00094728","NY CITY CENTRAL PARK, NY US","2024-03-16","2.0",",,W","0.0",",,W,2400","0.0",",,W,2400","0.0",",,W,2400","16.1",",,W","8.3",",,W","  140",",,W","5.8",",,W"
"USW00094728","NY CITY CENTRAL PARK, NY US","2024-03-17","3.0",",,W","0.0","T,,W,2400","0.0",",,W,2400","0.0",",,W,2400","17.2",",,W","8.9",",,W","  280",",,W","8.1",",,W"
"USW00094728","NY CITY CENTRAL PARK, NY US","2024-03-18","3.3",",,W","0.0",",,W,2400","0.0",",,W,2400","0.0",",,W,2400","10.6",",,W","3.3",",,W","  310",",,W","7.6",",,W"
"USW00094728","NY CITY CENTRAL PARK, NY US","2024-03-19","3.4",",,W","0.0","T,,W,2400","0.0",",,W,2400","0.0",",,W,2400","8.9",",,W","2.2",",,W","  240",",,W","7.6",",,W"
"USW00094728","NY CITY CENTRAL PARK, NY US","2024-03-20","3.0",",,W","0.3",",,W,2400","0.0",",,W,2400","0.0",",,W,2400","13.9",",,W","1.1",",,W","  310",",,W","9.8",",,W"
"USW00094728","NY CITY CENTRAL PARK, NY US","2024-03-21","4.1",",,W","0.0",",,W,2400","0.0",",,W,2400","0.0",",,W,2400","6.1",",,W","-1.0",",,W","  280",",,W","8.9",",,W"
"USW00094728","NY CITY CENTRAL PARK, NY US","2024-03-22","2.2",",,W","0.0",",,W,2400","0.0",",,W,2400","0.0",",,W,2400","7.8",",,W","-1.6",",,W","  300",",,W","5.8",",,W"
"USW00094728","NY CITY CENTRAL PARK, NY US","2024-03-23","3.2",",,W","93.0",",,W,2400","0.0",",,W,2400","0.0",",,W,2400","10.0",",,W","1.7",",,W","  300",",,W","8.1",",,W"
"USW00094728","NY CITY CENTRAL PARK, NY US","2024-03-24","3.5",",,W","0.0",",,W,2400","0.0",",,W,2400","0.0",",,W,2400","8.9",",,W","-0.5",",,W","   20",",,W","7.2",",,W"
"USW00094728","NY CITY CENTRAL PARK, NY US","2024-03-25","3.9",",,W","0.0",",,W,2400","0.0",",,W,2400","0.0",",,W,2400","11.7",",,W","1.7",",,W","   60",",,W","11.2",",,W"
"USW00094728","NY CITY CENTRAL PARK, NY US","2024-03-26","2.7",",,W","0.0",",,W,2400","0.0",",,W,2400","0.0",",,W,2400","11.7",",,W","3.9",",,W","   40",",,W","7.2",",,W"
"USW00094728","NY CITY CENTRAL PARK, NY US","2024-03-27","1.2",",,W","1.5",",,W,2400","0.0",",,W,2400","0.0",",,W,2400","11.1",",,W","5.6",",,W","  240",",,W","5.4",",,W"
"USW00094728","NY CITY CENTRAL PARK, NY US","2024-03-28","2.1",",,W","17.8",",,W,2400","0.0",",,W,2400","0.0",",,W,2400","10.6",",,W","6.7",",,W","   30",",,W","5.8",",,W"
"USW00094728","NY CITY CENTRAL PARK, NY US","2024-03-29","5.0",",,W","0.0",",,W,2400","0.0",",,W,2400","0.0",",,W,2400","13.3",",,W","5.6",",,W","  300",",,W","10.3",",,W"
"USW00094728","NY CITY CENTRAL PARK, NY US","2024-03-30","3.8",",,W","1.0",",,W,2400","0.0",",,W,2400","0.0",",,W,2400","16.7",",,W","5.0",",,W","  240",",,W","8.1",",,W"
"USW00094728","NY CITY CENTRAL PARK, NY US","2024-03-31","2.0",",,W","0.5",",,W,2400","0.0",",,W,2400","0.0",",,W,2400","16.7",",,W","8.3",",,W","  300",",,W","6.3",",,W"
"USW00094728","NY CITY CENTRAL PARK, NY US","2024-04-01","1.3",",,W","0.3",",,W,2400","0.0",",,W,2400","0.0",",,W,2400","12.2",",,W","9.4",",,W","   90",",,W","4.5",",,W"
"USW00094728","NY CITY CENTRAL PARK, NY US","2024-04-02","3.1",",,W","22.1",",,W,2400","0.0",",,W,2400","0.0",",,W,2400","10.6",",,W","6.7",",,W","   50",",,W","6.7",",,W"
"USW00094728","NY CITY CENTRAL PARK, NY US","2024-04-03","6.3",",,W","39.4",",,W,2400","0.0",",,W,2400","0.0",",,W,2400","7.2",",,W","5.0",",,W","   60",",,W","14.8",",,W"
"USW00094728","NY CITY CENTRAL PARK, NY US","2024-04-04","3.0",",,W","5.3",",,W,2400","0.0",",,W,2400","0.0",",,W,2400","11.7",",,W","2.8",",,W","   50",",,W","11.6",",,W"
"USW00094728","NY CITY CENTRAL PARK, NY US","2024-04-05","3.6",",,W","0.0","T,,W,2400","0.0",",,W,2400","0.0",",,W,2400","10.0",",,W","3.3",",,W","  280",",,W","7.2",",,W"
"USW00094728","NY CITY CENTRAL PARK, NY US","2024-04-06","3.4",",,W","0.0",",,W,2400","0.0",",,W,2400","0.0",",,W,2400","12.2",",,W","5.6",",,W","   20",",,W","7.2",",,W"
"USW00094728","NY CITY CENTRAL PARK, NY US","2024-04-07","2.9",",,W","0.0",",,W,2400","0.0",",,W,2400","0.0",",,W,2400","15.6",",,W","6.1",",,W","   50",",,W","7.6",",,W"
"USW00094728","NY CITY CENTRAL PARK, NY US","2024-04-08","1.0",",,W","0.0","T,,W,2400","0.0",",,W,2400","0.0",",,W,2400","20.6",",,W","6.1",",,W","  220",",,W","3.6",",,W"
"USW00094728","NY CITY CENTRAL PARK, NY US","2024-04-09","1.3",",,W","0.0",",,W,2400","0.0",",,W,2400","0.0",",,W,2400","26.7",",,W","12.8",",,W","  170",",,W","5.4",",,W"
"USW00094728","NY CITY CENTRAL PARK, NY US","2024-04-10","3.0",",,W","0.0",",,W,2400","0.0",",,W,2400","0.0",",,W,2400","19.4",",,W","10.6",",,W","   50",",,W","5.8",",,W"
"USW00094728","NY CITY CENTRAL PARK, NY US","2024-04-11","2.8",",,W","6.1",",,W,2400","0.0",",,W,2400","0.0",",,W,2400","16.1",",,W","10.0",",,W","  150",",,W","6.7",",,W"
"USW00094728","NY CITY CENTRAL PARK, NY US","2024-04-12","4.0",",,W","8.6",",,W,2400","0.0",",,W,2400","0.0",",,W,2400","17.2",",,W","13.3",",,W","  230",",,W","7.6",",,W"
"USW00094728","NY CITY CENTRAL PARK, NY US","2024-04-13","5.2",",,W","0.3",",,W,2400","0.0",",,W,2400","0.0",",,W,2400","13.3",",,W","8.3",",,W","  280",",,W","10.7",",,W"
"USW00094728","NY CITY CENTRAL PARK, NY US","2024-04-14","2.2",",,W","2.5",",,W,2400","0.0",",,W,2400","0.0",",,W,2400","23.9",",,W","8.9",",,W","  230",",,W","9.8",",,W"
"USW00094728","NY CITY CENTRAL PARK, NY US","2024-04-15","2.4",",,W","0.0","T,,W,2400","0.0",",,W,2400","0.0",",,W,2400","27.8",",,W","14.4",",,W","   40",",,W","7.6",",,W"
"USW00094728","NY CITY CENTRAL PARK, NY US","2024-04-16","1.9",",,W","0.0",",,W,2400","0.0",",,W,2400","0.0",",,W,2400","22.8",",,W","12.2",",,W","  310",",,W","6.3",",,W"
"USW00094728","NY CITY CENTRAL PARK, NY US","2024-04-17","3.1",",,W","0.5",",,W,2400","0.0",",,W,2400","0.0",",,W,2400","16.7",",,W","10.0",",,W","   70",",,W","6.7",",,W"
"USW00094728","NY CITY CENTRAL PARK, NY US","2024-04-18","4.8",",,W","0.3",",,W,2400","0.0",",,W,2400","0.0",",,W,2400","10.0",",,W","7.2",",,W","   60",",,W","9.8",",,W"
"USW00094728","NY CITY CENTRAL PARK, NY US","2024-04-19","2.3",",,W","0.0",",,W,2400","0.0",",,W,2400","0.0",",,W,2400","15.6",",,W","7.8",",,W","   60",",,W","5.8",",,W"
"USW00094728","NY CITY CENTRAL PARK, NY US","2024-04-20","1.9",",,W","1.3",",,W,2400","0.0",",,W,2400","0.0",",,W,2400","21.7",",,W","8.3",",,W","  300",",,W","7.2",",,W"
"USW00094728","NY CITY CENTRAL PARK, NY US","2024-04-21","2.4",",,W","0.0",",,W,2400","0.0",",,W,2400","0.0",",,W,2400","12.2",",,W","5.6",",,W","  270",",,W","6.3",",,W"
"USW00094728","NY CITY CENTRAL PARK, NY US","2024-04-22","1.8",",,W","0.0",",,W,2400","0.0",",,W,2400","0.0",",,W,2400","17.8",",,W","5.6",",,W","  300",",,W","5.8",",,W"
"USW00094728","NY CITY CENTRAL PARK, NY US","2024-04-23","2.2",",,W","0.0",",,W,2400","0.0",",,W,2400","0.0",",,W,2400","18.3",",,W","7.8",",,W","  160",",,W","7.6",",,W"
"USW00094728","NY CITY CENTRAL PARK, NY US","2024-04-24","2.2",",,W","0.0","T,,W,2400","0.0",",,W,2400","0.0",",,W,2400","23.3",",,W","10.0",",,W","  300",",,W","7.6",",,W"
"USW00094728","NY CITY CENTRAL PARK, NY US","2024-04-25","2.5",",,W","0.0",",,W,2400","0.0",",,W,2400","0.0",",,W,2400","15.6",",,W","6.1",",,W","   50",",,W","8.1",",,W"
"USW00094728","NY CITY CENTRAL PARK, NY US","2024-04-26","2.0",",,W","0.0",",,W,2400","0.0",",,W,2400","0.0",",,W,2400","18.3",",,W","6.1",",,W","  140",",,W","5.4",",,W"
"USW00094728","NY CITY CENTRAL PARK, NY US","2024-04-27","1.4",",,W","0.0","T,,W,2400","0.0",",,W,2400","0.0",",,W,2400","17.8",",,W","7.8",",,W","  180",",,W","5.4",",,W"
"USW00094728","NY CITY CENTRAL PARK, NY US","2024-04-28","0.6",",,W","0.3",",,W,2400","0.0",",,W,2400","0.0",",,W,2400","26.1",",,W","11.1",",,W","  190",",,W","4.0",",,W"
"USW00094728","NY CITY CENTRAL PARK, NY US","2024-04-29","1.5",",,W","0.5",",,W,2400","0.0",",,W,2400","0.0",",,W,2400","30.6",",,W","17.2",",,W","  120",",,W","5.4",",,W"
"USW00094728","NY CITY CENTRAL PARK, NY US","2024-04-30","3.3",",,W","0.8",",,W,2400","0.0",",,W,2400","0.0",",,W,2400","18.9",",,W","11.1",",,W","   50",",,W","6.7",",,W"
"USW00094728","NY CITY CENTRAL PARK, NY US","2024-05-01","1.3",",,W","0.5",",,W,2400","0.0",",,W,2400","0.0",",,W,2400","26.7",",,W","11.7",",,W","  130",",,W","4.5",",,W"
"USW00094728","NY CITY CENTRAL PARK, NY US","2024-05-02","1.6",",,W","0.0",",,W,2400","0.0",",,W,2400","0.0",",,W,2400","26.1",",,W","11.7",",,W","   30",",,W","6.3",",,W"
"USW00094728","NY CITY CENTRAL PARK, NY US","2024-05-03","2.4",",,W","0.0",",,W,2400","0.0",",,W,2400","0.0",",,W,2400","18.3",",,W","11.1",",,W","   60",",,W","6.7",",,W"
"USW00094728","NY CITY CENTRAL PARK, NY US","2024-05-04","2.2",",,W","0.0","T,,W,2400","0.0",",,W,2400","0.0",",,W,2400","17.2",",,W","9.4",",,W","  120",",,W","4.5",",,W"
"USW00094728","NY CITY CENTRAL PARK, NY US","2024-05-05","2.1",",,W","7.9",",,W,2400","0.0",",,W,2400","0.0",",,W,2400","12.2",",,W","9.4",",,W","  130",",,W","5.4",",,W"
"USW00094728","NY CITY CENTRAL PARK, NY US","2024-05-06","1.0",",,W","0.0","T,,W,2400","0.0",",,W,2400","0.0",",,W,2400","23.3",",,W","11.7",",,W","  210",",,W","3.6",",,W"
"USW00094728","NY CITY CENTRAL PARK, NY US","2024-05-07","1.5",",,W","0.0",",,W,2400","0.0",",,W,2400","0.0",",,W,2400","26.7",",,W","15.0",",,W","   30",",,W","5.4",",,W"
"USW00094728","NY CITY CENTRAL PARK, NY US","2024-05-08","1.7",",,W","5.3",",,W,2400","0.0",",,W,2400","0.0",",,W,2400","28.9",",,W","18.3",",,W","  240",",,W","5.8",",,W"
"USW00094728","NY CITY CENTRAL PARK, NY US","2024-05-09","2.6",",,W","0.0",",,W,2400","0.0",",,W,2400","0.0",",,W,2400","21.1",",,W","13.3",",,W","  300",",,W","5.8",",,W"
"USW00094728","NY CITY CENTRAL PARK, NY US","2024-05-10","2.7",",,W","5.8",",,W,2400","0.0",",,W,2400","0.0",",,W,2400","13.3",",,W","8.9",",,W","   60",",,W","7.2",",,W"
"USW00094728","NY CITY CENTRAL PARK, NY US","2024-05-11","1.4",",,W","0.0",",,W,2400","0.0",",,W,2400","0.0",",,W,2400","17.8",",,W","8.3",",,W","   50",",,W","5.8",",,W"
"USW00094728","NY CITY CENTRAL PARK, NY US","2024-05-12","1.2",",,W","3.8",",,W,2400","0.0",",,W,2400","0.0",",,W,2400","13.9",",,W","8.9",",,W","  250",",,W","4.0",",,W"
"USW00094728","NY CITY CENTRAL PARK, NY US","2024-05-13","1.7",",,W","0.0",",,W,2400","0.0",",,W,2400","0.0",",,W,2400","18.3",",,W","9.4",",,W","  220",",,W","4.5",",,W"
"USW00094728","NY CITY CENTRAL PARK, NY US","2024-05-14","0.8",",,W","0.8",",,W,2400","0.0",",,W,2400","0.0",",,W,2400","22.2",",,W","12.8",",,W","  180",",,W","3.6",",,W"
"USW00094728","NY CITY CENTRAL PARK, NY US","2024-05-15","3.4",",,W","7.1",",,W,2400","0.0",",,W,2400","0.0",",,W,2400","17.8",",,W","15.0",",,W","   40",",,W","7.6",",,W"
"USW00094728","NY CITY CENTRAL PARK, NY US","2024-05-16","3.7",",,W","6.9",",,W,2400","0.0",",,W,2400","0.0",",,W,2400","17.8",",,W","15.0",",,W","   50",",,W","7.6",",,W"
"USW00094728","NY CITY CENTRAL PARK, NY US","2024-05-17","2.0",",,W","0.0","T,,W,2400","0.0",",,W,2400","0.0",",,W,2400","22.2",",,W","14.4",",,W","   60",",,W","8.1",",,W"
"USW00094728","NY CITY CENTRAL PARK, NY US","2024-05-18","1.7",",,W","1.0",",,W,2400","0.0",",,W,2400","0.0",",,W,2400","20.6",",,W","15.0",",,W","   60",",,W","4.5",",,W"
"USW00094728","NY CITY CENTRAL PARK, NY US","2024-05-19","1.9",",,W","0.0",",,W,2400","0.0",",,W,2400","0.0",",,W,2400","23.9",",,W","13.3",",,W","   80",",,W","5.8",",,W"
"USW00094728","NY CITY CENTRAL PARK, NY US","2024-05-20","1.6",",,W","0.0",",,W,2400","0.0",",,W,2400","0.0",",,W,2400","23.3",",,W","12.8",",,W","  150",",,W","4.0",",,W"
"USW00094728","NY CITY CENTRAL PARK, NY US","2024-05-21","1.3",",,W","0.0",",,W,2400","0.0",",,W,2400","0.0",",,W,2400","28.3",",,W","14.4",",,W","  240",",,W","4.0",",,W"
"USW00094728","NY CITY CENTRAL PARK, NY US","2024-05-22","2.3",",,W","0.0",",,W,2400","0.0",",,W,2400","0.0",",,W,2400","28.9",",,W","19.4",",,W","  250",",,W","4.5",",,W"
"USW00094728","NY CITY CENTRAL PARK, NY US","2024-05-23","1.3",",,W","19.8",",,W,2400","0.0",",,W,2400","0.0",",,W,2400","26.1",",,W","19.4",",,W","  260",",,W","5.4",",,W"
"USW00094728","NY CITY CENTRAL PARK, NY US","2024-05-24","1.1",",,W","0.0",",,W,2400","0.0",",,W,2400","0.0",",,W,2400","28.9",",,W","20.0",",,W","  280",",,W","5.4",",,W"
"USW00094728","NY CITY CENTRAL PARK, NY US","2024-05-25","1.1",",,W","0.0",",,W,2400","0.0",",,W,2400","0.0",",,W,2400","27.2",",,W","18.9",",,W","  130",",,W","4.5",",,W"
"USW00094728","NY CITY CENTRAL PARK, NY US","2024-05-26","1.3",",,W","0.0","T,,W,2400","0.0",",,W,2400","0.0",",,W,2400","27.8",",,W","18.3",",,W","  140",",,W","3.6",",,W"
"USW00094728","NY CITY CENTRAL PARK, NY US","2024-05-27","1.3",",,W","24.4",",,W,2400","0.0",",,W,2400","0.0",",,W,2400","22.8",",,W","18.9",",,W","  140",",,W","5.4",",,W"
"USW00094728","NY CITY CENTRAL PARK, NY US","2024-05-28","2.9",",,W","0.0",",,W,2400","0.0",",,W,2400","0.0",",,W,2400","26.1",",,W","18.3",",,W","  300",",,W","7.2",",,W"
"USW00094728","NY CITY CENTRAL PARK, NY US","2024-05-29","1.6",",,W","16.5",",,W,2400","0.0",",,W,2400","0.0",",,W,2400","24.4",",,W","15.6",",,W","  220",",,W","7.6",",,W"
"USW00094728","NY CITY CENTRAL PARK, NY US","2024-05-30","2.2",",,W","4.6",",,W,2400","0.0",",,W,2400","0.0",",,W,2400","21.7",",,W","13.9",",,W","   50",",,W","6.7",",,W"
"USW00094728","NY CITY CENTRAL PARK, NY US","2024-05-31","2.0",",,W","0.0",",,W,2400","0.0",",,W,2400","0.0",",,W,2400","23.9",",,W","15.0",",,W","  300",",,W","5.4",",,W"
"USW00094728","NY CITY CENTRAL PARK, NY US","2024-06-01","1.3",",,W","0.0",",,W,2400","0.0",",,W,2400","0.0",",,W,2400","28.3",",,W","15.6",",,W","  290",",,W","4.0",",,W"
"USW00094728","NY CITY CENTRAL PARK, NY US","2024-06-02","1.1",",,W","0.0",",,W,2400","0.0",",,W,2400","0.0",",,W,2400","27.2",",,W","19.4",",,W","  230",",,W","4.5",",,W"
"USW00094728","NY CITY CENTRAL PARK, NY US","2024-06-03","1.3",",,W","0.0","T,,W,2400","0.0",",,W,2400","0.0",",,W,2400","30.0",",,W","22.2",",,W","   50",",,W","4.5",",,W"
"USW00094728","NY CITY CENTRAL PARK, NY US","2024-06-04","1.3",",,W","0.0",",,W,2400","0.0",",,W,2400","0.0",",,W,2400","26.1",",,W","18.3",",,W","   60",",,W","4.0",",,W"
"USW00094728","NY CITY CENTRAL PARK, NY US","2024-06-05","1.1",",,W","0.0","T,,W,2400","0.0",",,W,2400","0.0",",,W,2400","26.1",",,W","18.3",",,W","  130",",,W","4.5",",,W"
"USW00094728","NY CITY CENTRAL PARK, NY US","2024-06-06","0.9",",,W","19.6",",,W,2400","0.0",",,W,2400","0.0",",,W,2400","27.2",",,W","20.0",",,W","  300",",,W","7.2",",,W"
"USW00094728","NY CITY CENTRAL PARK, NY US","2024-06-07","1.5",",,W","0.0",",,W,2400","0.0",",,W,2400","0.0",",,W,2400","27.8",",,W","18.9",",,W","  290",",,W","7.6",",,W"
"USW00094728","NY CITY CENTRAL PARK, NY US","2024-06-08","2.5",",,W","0.0",",,W,2400","0.0",",,W,2400","0.0",",,W,2400","24.4",",,W","17.2",",,W","  290",",,W","6.7",",,W"
"USW00094728","NY CITY CENTRAL PARK, NY US","2024-06-09","2.2",",,W","0.0","T,,W,2400","0.0",",,W,2400","0.0",",,W,2400","23.3",",,W","18.3",",,W","  300",",,W","6.3",",,W"
"USW00094728","NY CITY CENTRAL PARK, NY US","2024-06-10","2.7",",,W","0.0",",,W,2400","0.0",",,W,2400","0.0",",,W,2400","23.9",",,W","16.7",",,W","  300",",,W","5.8",",,W"
"USW00094728","NY CITY CENTRAL PARK, NY US","2024-06-11","1.4",",,W","0.0","T,,W,2400","0.0",",,W,2400","0.0",",,W,2400","22.8",",,W","15.0",",,W","   50",",,W","4.0",",,W"
"USW00094728","NY CITY CENTRAL PARK, NY US","2024-06-12","1.0",",,W","0.0",",,W,2400","0.0",",,W,2400","0.0",",,W,2400","24.4",",,W","16.1",",,W","  250",",,W","3.6",",,W"
"USW00094728","NY CITY CENTRAL PARK, NY US","2024-06-13","1.4",",,W","0.0",",,W,2400","0.0",",,W,2400","0.0",",,W,2400","28.9",",,W","18.3",",,W","  220",",,W","5.4",",,W"
"USW00094728","NY CITY CENTRAL PARK, NY US","2024-06-14","1.5",",,W","7.1",",,W,2400","0.0",",,W,2400","0.0",",,W,2400","29.4",",,W","18.3",",,W","  290",",,W","7.6",",,W"
"USW00094728","NY CITY CENTRAL PARK, NY US","2024-06-15","1.6",",,W","0.0",",,W,2400","0.0",",,W,2400","0.0",",,W,2400","26.7",",,W","18.3",",,W","   40",",,W","6.3",",,W"
"USW00094728","NY CITY CENTRAL PARK, NY US","2024-06-16","2.3",",,W","0.0",",,W,2400","0.0",",,W,2400","0.0",",,W,2400","25.6",",,W","17.2",",,W","   50",",,W","5.8",",,W"
"USW00094728","NY CITY CENTRAL PARK, NY US","2024-06-17","1.3",",,W","0.0",",,W,2400","0.0",",,W,2400","0.0",",,W,2400","28.3",",,W","18.3",",,W","  220",",,W","4.0",",,W"
"USW00094728","NY CITY CENTRAL PARK, NY US","2024-06-18","1.4",",,W","0.0",",,W,2400","0.0",",,W,2400","0.0",",,W,2400","30.0",",,W","21.7",",,W","  140",",,W","4.0",",,W"
"USW00094728","NY CITY CENTRAL PARK, NY US","2024-06-19","1.1",",,W","0.0",",,W,2400","0.0",",,W,2400","0.0",",,W,2400","31.7",",,W","22.2",",,W","  220",",,W","4.0",",,W"
"USW00094728","NY CITY CENTRAL PARK, NY US","2024-06-20","1.5",",,W","0.0",",,W,2400","0.0",",,W,2400","0.0",",,W,2400","32.8",",,W","22.2",",,W","  210",",,W","4.0",",,W"
"USW00094728","NY CITY CENTRAL PARK, NY US","2024-06-21","1.6",",,W","0.0",",,W,2400","0.0",",,W,2400","0.0",",,W,2400","34.4",",,W","24.4",",,W","   60",",,W","7.2",",,W"
"USW00094728","NY CITY CENTRAL PARK, NY US","2024-06-22","0.4",",,W","2.8",",,W,2400","0.0",",,W,2400","0.0",",,W,2400","33.9",",,W","23.9",",,W","  340",",,W","4.5",",,W"
"USW00094728","NY CITY CENTRAL PARK, NY US","2024-06-23",,,"0.0",",,W,2400","0.0",",,W,2400","0.0",",,W,2400","33.3",",,W","22.8",",,W","  240",",,W","5.4",",,W"
"USW00094728","NY CITY CENTRAL PARK, NY US","2024-06-24",,,"0.0","T,,W,2400","0.0",",,W,2400","0.0",",,W,2400","26.7",",,W","22.2",",,W","  300",",,W","8.9",",,W"
"USW00094728","NY CITY CENTRAL PARK, NY US","2024-06-25","1.9",",,W","0.0",",,W,2400","0.0",",,W,2400","0.0",",,W,2400","32.2",",,W","20.6",",,W","  310",",,W","5.8",",,W"
"USW00094728","NY CITY CENTRAL PARK, NY US","2024-06-26","1.8",",,W","2.0",",,W,2400","0.0",",,W,2400","0.0",",,W,2400","33.9",",,W","21.1",",,W","  290",",,W","9.4",",,W"
"USW00094728","NY CITY CENTRAL PARK, NY US","2024-06-27","2.6",",,W","5.8",",,W,2400","0.0",",,W,2400","0.0",",,W,2400","28.9",",,W","19.4",",,W","  300",",,W","5.8",",,W"
"USW00094728","NY CITY CENTRAL PARK, NY US","2024-06-28","1.6",",,W","0.0",",,W,2400","0.0",",,W,2400","0.0",",,W,2400","26.1",",,W","17.8",",,W","   60",",,W","5.4",",,W"
"USW00094728","NY CITY CENTRAL PARK, NY US","2024-06-29","1.9",",,W","1.5",",,W,2400","0.0",",,W,2400","0.0",",,W,2400","26.1",",,W","18.9",",,W","  180",",,W","5.8",",,W"
"USW00094728","NY CITY CENTRAL PARK, NY US","2024-06-30","2.2",",,W","4.6",",,W,2400","0.0",",,W,2400","0.0",",,W,2400","29.4",",,W","21.1",",,W","  300",",,W","6.7",",,W"
"USW00094728","NY CITY CENTRAL PARK, NY US","2024-07-01","2.7",",,W","0.0",",,W,2400","0.0",",,W,2400","0.0",",,W,2400","27.2",",,W","17.8",",,W","   40",",,W","6.7",",,W"
"USW00094728","NY CITY CENTRAL PARK, NY US","2024-07-02","1.4",",,W","0.0",",,W,2400","0.0",",,W,2400","0.0",",,W,2400","30.0",",,W","18.9",",,W","   50",",,W","4.0",",,W"
"USW00094728","NY CITY CENTRAL PARK, NY US","2024-07-03","1.7",",,W","0.0",",,W,2400","0.0",",,W,2400","0.0",",,W,2400","28.3",",,W","20.6",",,W","  200",",,W","4.5",",,W"
"USW00094728","NY CITY CENTRAL PARK, NY US","2024-07-04","1.3",",,W","1.0",",,W,2400","0.0",",,W,2400","0.0",",,W,2400","31.7",",,W","21.1",",,W","  130",",,W","4.0",",,W"
"USW00094728","NY CITY CENTRAL PARK, NY US","2024-07-05","0.7",",,W","2.5",",,W,2400","0.0",",,W,2400","0.0",",,W,2400","32.2",",,W","23.3",",,W","  150",",,W","4.5",",,W"
"USW00094728","NY CITY CENTRAL PARK, NY US","2024-07-06","0.6",",,W","1.3",",,W,2400","0.0",",,W,2400","0.0",",,W,2400","33.3",",,W","22.8",",,W","  140",",,W","4.5",",,W"
"USW00094728","NY CITY CENTRAL PARK, NY US","2024-07-07","1.8",",,W","0.0","T,,W,2400","0.0",",,W,2400","0.0",",,W,2400","33.9",",,W","26.1",",,W","   50",",,W","4.0",",,W"
"USW00094728","NY CITY CENTRAL PARK, NY US","2024-07-08","0.9",",,W","0.0",",,W,2400","0.0",",,W,2400","0.0",",,W,2400","35.0",",,W","25.0",",,W","   70",",,W","4.0",",,W"
"USW00094728","NY CITY CENTRAL PARK, NY US","2024-07-09","1.0",",,W","0.0","T,,W,2400","0.0",",,W,2400","0.0",",,W,2400","31.7",",,W","23.9",",,W","  230",",,W","4.0",",,W"
"USW00094728","NY CITY CENTRAL PARK, NY US","2024-07-10","1.4",",,W","0.0",",,W,2400","0.0",",,W,2400","0.0",",,W,2400","32.8",",,W","25.6",",,W","  180",",,W","5.8",",,W"
"USW00094728","NY CITY CENTRAL PARK, NY US","2024-07-11","2.1",",,W","2.8",",,W,2400","0.0",",,W,2400","0.0",",,W,2400","31.7",",,W","23.9",",,W","  230",",,W","6.3",",,W"
"USW00094728","NY CITY CENTRAL PARK, NY US","2024-07-12","0.6",",,W","1.5",",,W,2400","0.0",",,W,2400","0.0",",,W,2400","28.9",",,W","22.2",",,W","  210",",,W","3.6",",,W"
"USW00094728","NY CITY CENTRAL PARK, NY US","2024-07-13","0.7",",,W","52.3",",,W,2400","0.0",",,W,2400","0.0",",,W,2400","30.6",",,W","22.2",",,W","  130",",,W","3.6",",,W"
"USW00094728","NY CITY CENTRAL PARK, NY US","2024-07-14","1.1",",,W","0.0",",,W,2400","0.0",",,W,2400","0.0",",,W,2400","32.2",",,W","23.9",",,W","  220",",,W","4.5",",,W"
"USW00094728","NY CITY CENTRAL PARK, NY US","2024-07-15","1.1",",,W","3.0",",,W,2400","0.0",",,W,2400","0.0",",,W,2400","32.8",",,W","22.8",",,W","  260",",,W","4.5",",,W"
"USW00094728","NY CITY CENTRAL PARK, NY US","2024-07-16","1.7",",,W","0.0","T,,W,2400","0.0",",,W,2400","0.0",",,W,2400","34.4",",,W","25.6",",,W","  240",",,W","6.3",",,W"
"USW00094728","NY CITY CENTRAL PARK, NY US","2024-07-17","1.3",",,W","37.1",",,W,2400","0.0",",,W,2400","0.0",",,W,2400","32.2",",,W","22.2",",,W","  240",",,W","6.3",",,W"
"USW00094728","NY CITY CENTRAL PARK, NY US","2024-07-18","1.2",",,W","0.0","T,,W,2400","0.0",",,W,2400","0.0",",,W,2400","30.0",",,W","22.2",",,W","  300",",,W","4.5",",,W"
"USW00094728","NY CITY CENTRAL PARK, NY US","2024-07-19","1.3",",,W","0.0",",,W,2400","0.0",",,W,2400","0.0",",,W,2400","28.3",",,W","19.4",",,W","   50",",,W","4.0",",,W"
"USW00094728","NY CITY CENTRAL PARK, NY US","2024-07-20","0.9",",,W","0.0",",,W,2400","0.0",",,W,2400","0.0",",,W,2400","28.3",",,W","21.7",",,W","  210",",,W","5.4",",,W"
"USW00094728","NY CITY CENTRAL PARK, NY US","2024-07-21","1.2",",,W","0.0","T,,W,2400","0.0",",,W,2400","0.0",",,W,2400","31.1",",,W","22.8",",,W","   60",",,W","3.6",",,W"
"USW00094728","NY CITY CENTRAL PARK, NY US","2024-07-22","1.2",",,W","0.3",",,W,2400","0.0",",,W,2400","0.0",",,W,2400","28.9",",,W","21.7",",,W","  140",",,W","4.0",",,W"
"USW00094728","NY CITY CENTRAL PARK, NY US","2024-07-23","1.8",",,W","2.8",",,W,2400","0.0",",,W,2400","0.0",",,W,2400","27.2",",,W","21.7",",,W","   60",",,W","4.5",",,W"
"USW00094728","NY CITY CENTRAL PARK, NY US","2024-07-24","1.9",",,W","0.0","T,,W,2400","0.0",",,W,2400","0.0",",,W,2400","27.2",",,W","22.8",",,W","   60",",,W","4.5",",,W"
"USW00094728","NY CITY CENTRAL PARK, NY US","2024-07-25","1.3",",,W","0.0",",,W,2400","0.0",",,W,2400","0.0",",,W,2400","28.3",",,W","22.2",",,W","  270",",,W","4.5",",,W"
"USW00094728","NY CITY CENTRAL PARK, NY US","2024-07-26","2.3",",,W","0.0",",,W,2400","0.0",",,W,2400","0.0",",,W,2400","28.9",",,W","19.4",",,W","   30",",,W","6.7",",,W"
"USW00094728","NY CITY CENTRAL PARK, NY US","2024-07-27","1.6",",,W","0.0",",,W,2400","0.0",",,W,2400","0.0",",,W,2400","30.6",",,W","20.6",",,W","   50",",,W","4.0",",,W"
"USW00094728","NY CITY CENTRAL PARK, NY US","2024-07-28","1.7",",,W","0.0",",,W,2400","0.0",",,W,2400","0.0",",,W,2400","31.7",",,W","21.1",",,W","   70",",,W","5.4",",,W"
"USW00094728","NY CITY CENTRAL PARK, NY US","2024-07-29","1.3",",,W","1.3",",,W,2400","0.0",",,W,2400","0.0",",,W,2400","28.9",",,W","20.0",",,W","   60",",,W","5.4",",,W"
"USW00094728","NY CITY CENTRAL PARK, NY US","2024-07-30","1.3",",,W","0.0",",,W,2400","0.0",",,W,2400","0.0",",,W,2400","31.1",",,W","23.9",",,W","  140",",,W","5.4",",,W"
"USW00094728","NY CITY CENTRAL PARK, NY US","2024-07-31","1.5",",,W","0.8",",,W,2400","0.0",",,W,2400","0.0",",,W,2400","31.7",",,W","22.8",",,W","  300",",,W","6.7",",,W"
"USW00094728","NY CITY CENTRAL PARK, NY US","2024-08-01","0.9",",,W","0.0",",,W,2400","0.0",",,W,2400","0.0",",,W,2400","35.0",",,W","24.4",",,W","  270",",,W","4.0",",,W"
"USW00094728","NY CITY CENTRAL PARK, NY US","2024-08-02","1.1",",,W","13.2",",,W,2400","0.0",",,W,2400","0.0",",,W,2400","33.3",",,W","23.3",",,W","  140",",,W","5.4",",,W"
"USW00094728","NY CITY CENTRAL PARK, NY US","2024-08-03","1.8",",,W","18.5",",,W,2400","0.0",",,W,2400","0.0",",,W,2400","33.9",",,W","22.8",",,W","  230",",,W","6.3",",,W"
"USW00094728","NY CITY CENTRAL PARK, NY US","2024-08-04","1.4",",,W","4.3",",,W,2400","0.0",",,W,2400","0.0",",,W,2400","28.3",",,W","21.7",",,W","  240",",,W","4.0",",,W"
"USW00094728","NY CITY CENTRAL PARK, NY US","2024-08-05","1.2",",,W","0.0",",,W,2400","0.0",",,W,2400","0.0",",,W,2400","32.2",",,W","22.8",",,W","  170",",,W","3.6",",,W"
"USW00094728","NY CITY CENTRAL PARK, NY US","2024-08-06","1.5",",,W","52.8",",,W,2400","0.0",",,W,2400","0.0",",,W,2400","32.2",",,W","22.2",",,W","   50",",,W","5.4",",,W"
"USW00094728","NY CITY CENTRAL PARK, NY US","2024-08-07","3.7",",,W","3.3",",,W,2400","0.0",",,W,2400","0.0",",,W,2400","22.2",",,W","17.8",",,W","   50",",,W","7.2",",,W"
"USW00094728","NY CITY CENTRAL PARK, NY US","2024-08-08","3.2",",,W","9.1",",,W,2400","0.0",",,W,2400","0.0",",,W,2400","21.1",",,W","18.3",",,W","   60",",,W","5.8",",,W"
"USW00094728","NY CITY CENTRAL PARK, NY US","2024-08-09","2.7",",,W","2.8",",,W,2400","0.0",",,W,2400","0.0",",,W,2400","26.7",",,W","21.1",",,W","  160",",,W","6.7",",,W"
"USW00094728","NY CITY CENTRAL PARK, NY US","2024-08-10","2.0",",,W","0.0",",,W,2400","0.0",",,W,2400","0.0",",,W,2400","29.4",",,W","22.8",",,W","  270",",,W","5.4",",,W"
"USW00094728","NY CITY CENTRAL PARK, NY US","2024-08-11","1.3",",,W","0.0",",,W,2400","0.0",",,W,2400","0.0",",,W,2400","26.7",",,W","20.6",",,W","  300",",,W","5.4",",,W"
"USW00094728","NY CITY CENTRAL PARK, NY US","2024-08-12","1.5",",,W","0.0","T,,W,2400","0.0",",,W,2400","0.0",",,W,2400","27.2",",,W","18.9",",,W","  350",",,W","5.8",",,W"
"USW00094728","NY CITY CENTRAL PARK, NY US","2024-08-13","1.6",",,W","0.0",",,W,2400","0.0",",,W,2400","0.0",",,W,2400","27.2",",,W","17.8",",,W","  300",",,W","5.8",",,W"
"USW00094728","NY CITY CENTRAL PARK, NY US","2024-08-14","1.4",",,W","0.0",",,W,2400","0.0",",,W,2400","0.0",",,W,2400","29.4",",,W","19.4",",,W","   90",",,W","6.7",",,W"
"USW00094728","NY CITY CENTRAL PARK, NY US","2024-08-15","0.4",",,W","0.0",",,W,2400","0.0",",,W,2400","0.0",",,W,2400","30.0",",,W","20.0",",,W","  290",",,W","3.6",",,W"
"USW00094728","NY CITY CENTRAL PARK, NY US","2024-08-16","1.4",",,W","0.0",",,W,2400","0.0",",,W,2400","0.0",",,W,2400","30.6",",,W","21.1",",,W","  130",",,W","4.0",",,W"
"USW00094728","NY CITY CENTRAL PARK, NY US","2024-08-17","1.6",",,W","1.0",",,W,2400","0.0",",,W,2400","0.0",",,W,2400","26.1",",,W","19.4",",,W","  130",",,W","4.5",",,W"
"USW00094728","NY CITY CENTRAL PARK, NY US","2024-08-18","1.4",",,W","58.2",",,W,2400","0.0",",,W,2400","0.0",",,W,2400","27.2",",,W","20.6",",,W","  290",",,W","5.8",",,W"
"USW00094728","NY CITY CENTRAL PARK, NY US","2024-08-19","1.3",",,W","6.4",",,W,2400","0.0",",,W,2400","0.0",",,W,2400","28.9",",,W","20.0",",,W","  300",",,W","6.3",",,W"
"USW00094728","NY CITY CENTRAL PARK, NY US","2024-08-20","2.6",",,W","0.0",",,W,2400","0.0",",,W,2400","0.0",",,W,2400","22.2",",,W","16.1",",,W","  290",",,W","5.8",",,W"
"USW00094728","NY CITY CENTRAL PARK, NY US","2024-08-21","2.6",",,W","0.0","T,,W,2400","0.0",",,W,2400","0.0",",,W,2400","22.8",",,W","13.9",",,W","  310",",,W","5.8",",,W"
"USW00094728","NY CITY CENTRAL PARK, NY US","2024-08-22","1.5",",,W","0.0",",,W,2400","0.0",",,W,2400","0.0",",,W,2400","24.4",",,W","15.0",",,W","  300",",,W","5.8",",,W"
"USW00094728","NY CITY CENTRAL PARK, NY US","2024-08-23","1.2",",,W","0.0",",,W,2400","0.0",",,W,2400","0.0",",,W,2400","26.7",",,W","16.7",",,W","  280",",,W","5.4",",,W"
"USW00094728","NY CITY CENTRAL PARK, NY US","2024-08-24","0.6",",,W","0.0",",,W,2400","0.0",",,W,2400","0.0",",,W,2400","28.3",",,W","18.3",",,W","  220",",,W","3.6",",,W"
"USW00094728","NY CITY CENTRAL PARK, NY US","2024-08-25","1.2",",,W","0.0",",,W,2400","0.0",",,W,2400","0.0",",,W,2400","29.4",",,W","20.0",",,W","  230",",,W","4.5",",,W"
"USW00094728","NY CITY CENTRAL PARK, NY US","2024-08-26","1.0",",,W","1.0",",,W,2400","0.0",",,W,2400","0.0",",,W,2400","29.4",",,W","20.6",",,W","   50",",,W","5.4",",,W"
"USW00094728","NY CITY CENTRAL PARK, NY US","2024-08-27","1.1",",,W","0.0",",,W,2400","0.0",",,W,2400","0.0",",,W,2400","30.0",",,W","19.4",",,W","  230",",,W","4.5",",,W"
"USW00094728","NY CITY CENTRAL PARK, NY US","2024-08-28","2.2",",,W","0.0","T,,W,2400","0.0",",,W,2400","0.0",",,W,2400","32.8",",,W","23.3",",,W","   50",",,W","6.3",",,W"
"USW00094728","NY CITY CENTRAL PARK, NY US","2024-08-29","2.9",",,W","0.0","T,,W,2400","0.0",",,W,2400","0.0",",,W,2400","27.8",",,W","21.1",",,W","   60",",,W","7.2",",,W"
"USW00094728","NY CITY CENTRAL PARK, NY US","2024-08-30","2.4",",,W","7.6",",,W,2400","0.0",",,W,2400","0.0",",,W,2400","23.3",",,W","16.1",",,W","   70",",,W","5.4",",,W"
"USW00094728","NY CITY CENTRAL PARK, NY US","2024-08-31","0.9",",,W","0.0",",,W,2400","0.0",",,W,2400","0.0",",,W,2400","25.0",",,W","19.4",",,W","  130",",,W","3.6",",,W"
"USW00094728","NY CITY CENTRAL PARK, NY US","2024-09-01","1.2",",,W","0.0","T,,W,2400","0.0",",,W,2400","0.0",",,W,2400","27.2",",,W","22.8",",,W","  240",",,W","4.0",",,W"
"USW00094728","NY CITY CENTRAL PARK, NY US","2024-09-02","2.0",",,W","0.0",",,W,2400","0.0",",,W,2400","0.0",",,W,2400","26.1",",,W","17.2",",,W","  330",",,W","5.4",",,W"
"USW00094728","NY CITY CENTRAL PARK, NY US","2024-09-03","1.8",",,W","0.0",",,W,2400","0.0",",,W,2400","0.0",",,W,2400","23.3",",,W","14.4",",,W","   30",",,W","6.3",",,W"
"USW00094728","NY CITY CENTRAL PARK, NY US","2024-09-04","0.9",",,W","0.0",",,W,2400","0.0",",,W,2400","0.0",",,W,2400","25.0",",,W","15.0",",,W","   50",",,W","4.5",",,W"
"USW00094728","NY CITY CENTRAL PARK, NY US","2024-09-05","2.0",",,W","0.0",",,W,2400","0.0",",,W,2400","0.0",",,W,2400","25.0",",,W","16.1",",,W","   70",",,W","5.8",",,W"
"USW00094728","NY CITY CENTRAL PARK, NY US","2024-09-06","1.5",",,W","0.0",",,W,2400","0.0",",,W,2400","0.0",",,W,2400","25.6",",,W","17.2",",,W","   60",",,W","5.8",",,W"
"USW00094728","NY CITY CENTRAL PARK, NY US","2024-09-07","1.5",",,W","6.1",",,W,2400","0.0",",,W,2400","0.0",",,W,2400","24.4",",,W","15.0",",,W","  300",",,W","5.4",",,W"
"USW00094728","NY CITY CENTRAL PARK, NY US","2024-09-08","2.2",",,W","0.0",",,W,2400","0.0",",,W,2400","0.0",",,W,2400","20.6",",,W","12.8",",,W","  250",",,W","6.3",",,W"
"USW00094728","NY CITY CENTRAL PARK, NY US","2024-09-09","1.1",",,W","0.0",",,W,2400","0.0",",,W,2400","0.0",",,W,2400","23.9",",,W","12.8",",,W","  250",",,W","4.5",",,W"
"USW00094728","NY CITY CENTRAL PARK, NY US","2024-09-10","1.9",",,W","0.0",",,W,2400","0.0",",,W,2400","0.0",",,W,2400","25.6",",,W","16.7",",,W","  300",",,W","4.0",",,W"
"USW00094728","NY CITY CENTRAL PARK, NY US","2024-09-11","1.0",",,W","0.0",",,W,2400","0.0",",,W,2400","0.0",",,W,2400","26.1",",,W","15.0",",,W","   50",",,W","3.6",",,W"
"USW00094728","NY CITY CENTRAL PARK, NY US","2024-09-12","0.8",",,W","0.0",",,W,2400","0.0",",,W,2400","0.0",",,W,2400","26.7",",,W","16.7",",,W","  140",",,W","4.0",",,W"
"USW00094728","NY CITY CENTRAL PARK, NY US","2024-09-13","0.6",",,W","0.0",",,W,2400","0.0",",,W,2400","0.0",",,W,2400","27.8",",,W","17.2",",,W","   60",",,W","3.1",",,W"
"USW00094728","NY CITY CENTRAL PARK, NY US","2024-09-14","1.2",",,W","0.0",",,W,2400","0.0",",,W,2400","0.0",",,W,2400","28.3",",,W","18.3",",,W","   50",",,W","5.4",",,W"
"USW00094728","NY CITY CENTRAL PARK, NY US","2024-09-15","2.1",",,W","0.0",",,W,2400","0.0",",,W,2400","0.0",",,W,2400","26.7",",,W","17.2",",,W","   50",",,W","5.8",",,W"
"USW00094728","NY CITY CENTRAL PARK, NY US","2024-09-16","2.3",",,W","0.0",",,W,2400","0.0",",,W,2400","0.0",",,W,2400","25.0",",,W","15.6",",,W","   50",",,W","5.4",",,W"
"USW00094728","NY CITY CENTRAL PARK, NY US","2024-09-17","2.1",",,W","0.0",",,W,2400","0.0",",,W,2400","0.0",",,W,2400","26.1",",,W","18.3",",,W","   60",",,W","4.0",",,W"
"USW00094728","NY CITY CENTRAL PARK, NY US","2024-09-18","2.9",",,W","0.0",",,W,2400","0.0",",,W,2400","0.0",",,W,2400","23.9",",,W","19.4",",,W","   60",",,W","5.8",",,W"
"USW00094728","NY CITY CENTRAL PARK, NY US","2024-09-19","2.4",",,W","0.0",",,W,2400","0.0",",,W,2400","0.0",",,W,2400","28.9",",,W","19.4",",,W","   60",",,W","5.8",",,W"
"USW00094728","NY CITY CENTRAL PARK, NY US","2024-09-20","3.0",",,W","0.0",",,W,2400","0.0",",,W,2400","0.0",",,W,2400","27.2",",,W","19.4",",,W","   50",",,W","7.6",",,W"
"USW00094728","NY CITY CENTRAL PARK, NY US","2024-09-21","3.0",",,W","0.0",",,W,2400","0.0",",,W,2400","0.0",",,W,2400","26.1",",,W","17.2",",,W","   50",",,W","5.8",",,W"
"USW00094728","NY CITY CENTRAL PARK, NY US","2024-09-22","2.7",",,W","0.0",",,W,2400","0.0",",,W,2400","0.0",",,W,2400","23.3",",,W","16.1",",,W","   60",",,W","6.3",",,W"
"USW00094728","NY CITY CENTRAL PARK, NY US","2024-09-23","2.6",",,W","1.0",",,W,2400","0.0",",,W,2400","0.0",",,W,2400","19.4",",,W","15.0",",,W","   60",",,W","7.2",",,W"
"USW00094728","NY CITY CENTRAL PARK, NY US","2024-09-24","2.5",",,W","0.0","T,,W,2400","0.0",",,W,2400","0.0",",,W,2400","20.0",",,W","15.0",",,W","   70",",,W","5.8",",,W"
"USW00094728","NY CITY CENTRAL PARK, NY US","2024-09-25","2.2",",,W","0.0",",,W,2400","0.0",",,W,2400","0.0",",,W,2400","20.0",",,W","16.7",",,W","   80",",,W","3.6",",,W"
"USW00094728","NY CITY CENTRAL PARK, NY US","2024-09-26","0.9",",,W","2.0",",,W,2400","0.0",",,W,2400","0.0",",,W,2400","23.3",",,W","17.8",",,W","  100",",,W","3.6",",,W"
"USW00094728","NY CITY CENTRAL PARK, NY US","2024-09-27","1.8",",,W","4.6",",,W,2400","0.0",",,W,2400","0.0",",,W,2400","23.3",",,W","17.2",",,W","   70",",,W","6.3",",,W"
"USW00094728","NY CITY CENTRAL PARK, NY US","2024-09-28","3.9",",,W","6.6",",,W,2400","0.0",",,W,2400","0.0",",,W,2400","20.0",",,W","16.1",",,W","   60",",,W","7.6",",,W"
"USW00094728","NY CITY CENTRAL PARK, NY US","2024-09-29","2.6",",,W","19.8",",,W,2400","0.0",",,W,2400","0.0",",,W,2400","17.2",",,W","15.6",",,W","   50",",,W","5.4",",,W"
"USW00094728","NY CITY CENTRAL PARK, NY US","2024-09-30","2.3",",,W","0.0",",,W,2400","0.0",",,W,2400","0.0",",,W,2400","22.2",",,W","15.6",",,W","   60",",,W","6.3",",,W"
"USW00094728","NY CITY CENTRAL PARK, NY US","2024-10-01","2.8",",,W","0.0",",,W,2400","0.0",",,W,2400","0.0",",,W,2400","20.6",",,W","15.6",",,W","   60",",,W","6.3",",,W"
"USW00094728","NY CITY CENTRAL PARK, NY US","2024-10-02","1.9",",,W","0.0",",,W,2400","0.0",",,W,2400","0.0",",,W,2400","20.0",",,W","14.4",",,W","   60",",,W","5.4",",,W"
"USW00094728","NY CITY CENTRAL PARK, NY US","2024-10-03","0.4",",,W","0.0",",,W,2400","0.0",",,W,2400","0.0",",,W,2400","22.2",",,W","16.7",",,W","  140",",,W","3.1",",,W"
"USW00094728","NY CITY CENTRAL PARK, NY US","2024-10-04","0.5",",,W","0.0",",,W,2400","0.0",",,W,2400","0.0",",,W,2400","22.8",",,W","15.6",",,W","  130",",,W","3.1",",,W"
"USW00094728","NY CITY CENTRAL PARK, NY US","2024-10-05","1.9",",,W","0.0",",,W,2400","0.0",",,W,2400","0.0",",,W,2400","23.9",",,W","16.1",",,W","   50",",,W","5.4",",,W"
"USW00094728","NY CITY CENTRAL PARK, NY US","2024-10-06","1.1",",,W","0.0",",,W,2400","0.0",",,W,2400","0.0",",,W,2400","21.7",",,W","12.8",",,W","  240",",,W","4.0",",,W"
"USW00094728","NY CITY CENTRAL PARK, NY US","2024-10-07","2.5",",,W","0.0",",,W,2400","0.0",",,W,2400","0.0",",,W,2400","23.9",",,W","14.4",",,W","  300",",,W","5.8",",,W"
"USW00094728","NY CITY CENTRAL PARK, NY US","2024-10-08","1.3",",,W","0.0",",,W,2400","0.0",",,W,2400","0.0",",,W,2400","20.0",",,W","11.7",",,W","  320",",,W","5.4",",,W"
"USW00094728","NY CITY CENTRAL PARK, NY US","2024-10-09","1.6",",,W","0.0","T,,W,2400","0.0",",,W,2400","0.0",",,W,2400","20.0",",,W","12.2",",,W","  310",",,W","6.7",",,W"
"USW00094728","NY CITY CENTRAL PARK, NY US","2024-10-10","2.8",",,W","0.0",",,W,2400","0.0",",,W,2400","0.0",",,W,2400","16.7",",,W","9.4",",,W","  300",",,W","6.3",",,W"
"USW00094728","NY CITY CENTRAL PARK, NY US","2024-10-11","1.9",",,W","0.0",",,W,2400","0.0",",,W,2400","0.0",",,W,2400","20.0",",,W","7.8",",,W","  230",",,W","5.4",",,W"
"USW00094728","NY CITY CENTRAL PARK, NY US","2024-10-12","2.2",",,W","0.0",",,W,2400","0.0",",,W,2400","0.0",",,W,2400","23.3",",,W","13.3",",,W","  300",",,W","6.7",",,W"
"USW00094728","NY CITY CENTRAL PARK, NY US","2024-10-13","2.2",",,W","0.0",",,W,2400","0.0",",,W,2400","0.0",",,W,2400","20.6",",,W","12.8",",,W","   60",",,W","5.4",",,W"
"USW00094728","NY CITY CENTRAL PARK, NY US","2024-10-14","2.7",",,W","0.0",",,W,2400","0.0",",,W,2400","0.0",",,W,2400","18.9",",,W","8.9",",,W","  280",",,W","8.1",",,W"
"USW00094728","NY CITY CENTRAL PARK, NY US","2024-10-15","2.6",",,W","0.0",",,W,2400","0.0",",,W,2400","0.0",",,W,2400","13.9",",,W","7.2",",,W","  300",",,W","5.8",",,W"
"USW00094728","NY CITY CENTRAL PARK, NY US","2024-10-16","2.8",",,W","0.0",",,W,2400","0.0",",,W,2400","0.0",",,W,2400","15.0",",,W","6.7",",,W","  300",",,W","6.7",",,W"
"USW00094728","NY CITY CENTRAL PARK, NY US","2024-10-17","2.3",",,W","0.0",",,W,2400","0.0",",,W,2400","0.0",",,W,2400","14.4",",,W","6.1",",,W","   40",",,W","6.3",",,W"
"USW00094728","NY CITY CENTRAL PARK, NY US","2024-10-18","1.9",",,W","0.0",",,W,2400","0.0",",,W,2400","0.0",",,W,2400","18.9",",,W","8.9",",,W","   50",",,W","5.8",",,W"
"USW00094728","NY CITY CENTRAL PARK, NY US","2024-10-19","0.6",",,W","0.0",",,W,2400","0.0",",,W,2400","0.0",",,W,2400","21.7",",,W","10.0",",,W","  270",",,W","2.7",",,W"
"USW00094728","NY CITY CENTRAL PARK, NY US","2024-10-20","0.7",",,W","0.0",",,W,2400","0.0",",,W,2400","0.0",",,W,2400","22.8",",,W","11.1",",,W","  250",",,W","3.1",",,W"
"USW00094728","NY CITY CENTRAL PARK, NY US","2024-10-21","1.2",",,W","0.0",",,W,2400","0.0",",,W,2400","0.0",",,W,2400","26.1",",,W","13.9",",,W","  290",",,W","3.6",",,W"
"USW00094728","NY CITY CENTRAL PARK, NY US","2024-10-22","0.6",",,W","0.0",",,W,2400","0.0",",,W,2400","0.0",",,W,2400","27.2",",,W","16.7",",,W","  130",",,W","3.6",",,W"
"USW00094728","NY CITY CENTRAL PARK, NY US","2024-10-23","0.9",",,W","0.0",",,W,2400","0.0",",,W,2400","0.0",",,W,2400","23.9",",,W","15.0",",,W","  210",",,W","4.5",",,W"
"USW00094728","NY CITY CENTRAL PARK, NY US","2024-10-24","2.2",",,W","0.0","T,,W,2400","0.0",",,W,2400","0.0",",,W,2400","20.6",",,W","11.7",",,W","  350",",,W","5.8",",,W"
"USW00094728","NY CITY CENTRAL PARK, NY US","2024-10-25","1.3",",,W","0.0",",,W,2400","0.0",",,W,2400","0.0",",,W,2400","16.7",",,W","7.8",",,W","   40",",,W","5.4",",,W"
"USW00094728","NY CITY CENTRAL PARK, NY US","2024-10-26","2.4",",,W","0.0",",,W,2400","0.0",",,W,2400","0.0",",,W,2400","17.8",",,W","10.6",",,W","  310",",,W","7.6",",,W"
"USW00094728","NY CITY CENTRAL PARK, NY US","2024-10-27","1.3",",,W","0.0",",,W,2400","0.0",",,W,2400","0.0",",,W,2400","13.9",",,W","7.2",",,W","  300",",,W","5.8",",,W"
"USW00094728","NY CITY CENTRAL PARK, NY US","2024-10-28","1.3",",,W","0.0",",,W,2400","0.0",",,W,2400","0.0",",,W,2400","16.1",",,W","7.8",",,W","  130",",,W","3.6",",,W"
"USW00094728","NY CITY CENTRAL PARK, NY US","2024-10-29","1.4",",,W","0.3",",,W,2400","0.0",",,W,2400","0.0",",,W,2400","17.2",",,W","11.1",",,W","  120",",,W","5.8",",,W"
"USW00094728","NY CITY CENTRAL PARK, NY US","2024-10-30","1.5",",,W","0.0",",,W,2400","0.0",",,W,2400","0.0",",,W,2400","24.4",",,W","14.4",",,W","  250",",,W","4.0",",,W"
"USW00094728","NY CITY CENTRAL PARK, NY US","2024-10-31","1.7",",,W","0.0",",,W,2400","0.0",",,W,2400","0.0",",,W,2400","27.2",",,W","16.1",",,W","  210",",,W","5.4",",,W"
"USW00094728","NY CITY CENTRAL PARK, NY US","2024-11-01","2.8",",,W","0.0","T,,W,2400","0.0",",,W,2400","0.0",",,W,2400","26.1",",,W","13.9",",,W","  270",",,W","7.2",",,W"
"USW00094728","NY CITY CENTRAL PARK, NY US","2024-11-02","1.9",",,W","0.0",",,W,2400","0.0",",,W,2400","0.0",",,W,2400","15.6",",,W","8.3",",,W","  300",",,W","5.8",",,W"
"USW00094728","NY CITY CENTRAL PARK, NY US","2024-11-03","2.3",",,W","0.0",",,W,2400","0.0",",,W,2400","0.0",",,W,2400","12.2",",,W","5.0",",,W","   50",",,W","6.3",",,W"
"USW00094728","NY CITY CENTRAL PARK, NY US","2024-11-04","1.8",",,W","0.0",",,W,2400","0.0",",,W,2400","0.0",",,W,2400","14.4",",,W","6.7",",,W","  140",",,W","4.0",",,W"
"USW00094728","NY CITY CENTRAL PARK, NY US","2024-11-05","1.5",",,W","0.0",",,W,2400","0.0",",,W,2400","0.0",",,W,2400","22.8",",,W","12.2",",,W","  220",",,W","5.4",",,W"
"USW00094728","NY CITY CENTRAL PARK, NY US","2024-11-06","1.8",",,W","0.0",",,W,2400","0.0",",,W,2400","0.0",",,W,2400","26.7",",,W","17.8",",,W","  250",",,W","5.4",",,W"
"USW00094728","NY CITY CENTRAL PARK, NY US","2024-11-07","2.3",",,W","0.0",",,W,2400","0.0",",,W,2400","0.0",",,W,2400","22.8",",,W","12.2",",,W","  310",",,W","7.2",",,W"
"USW00094728","NY CITY CENTRAL PARK, NY US","2024-11-08","2.4",",,W","0.0",",,W,2400","0.0",",,W,2400","0.0",",,W,2400","20.6",",,W","10.0",",,W","  300",",,W","8.9",",,W"
"USW00094728","NY CITY CENTRAL PARK, NY US","2024-11-09","1.9",",,W","0.0",",,W,2400","0.0",",,W,2400","0.0",",,W,2400","12.2",",,W","6.1",",,W","  300",",,W","6.3",",,W"
"USW00094728","NY CITY CENTRAL PARK, NY US","2024-11-10","1.5",",,W","2.0",",,W,2400","0.0",",,W,2400","0.0",",,W,2400","14.4",",,W","7.2",",,W","  250",",,W","5.8",",,W"
"USW00094728","NY CITY CENTRAL PARK, NY US","2024-11-11","2.9",",,W","2.5",",,W,2400","0.0",",,W,2400","0.0",",,W,2400","20.0",",,W","12.8",",,W","  230",",,W","7.2",",,W"
"USW00094728","NY CITY CENTRAL PARK, NY US","2024-11-12","4.3",",,W","0.0",",,W,2400","0.0",",,W,2400","0.0",",,W,2400","15.0",",,W","5.0",",,W","  300",",,W","9.4",",,W"
"USW00094728","NY CITY CENTRAL PARK, NY US","2024-11-13","2.8",",,W","0.0",",,W,2400","0.0",",,W,2400","0.0",",,W,2400","10.0",",,W","2.8",",,W","   50",",,W","7.2",",,W"
"USW00094728","NY CITY CENTRAL PARK, NY US","2024-11-14","2.1",",,W","0.0",",,W,2400","0.0",",,W,2400","0.0",",,W,2400","8.3",",,W","2.8",",,W","   60",",,W","6.3",",,W"
"USW00094728","NY CITY CENTRAL PARK, NY US","2024-11-15","2.2",",,W","0.0",",,W,2400","0.0",",,W,2400","0.0",",,W,2400","14.4",",,W","5.0",",,W","  300",",,W","7.2",",,W"
"USW00094728","NY CITY CENTRAL PARK, NY US","2024-11-16","3.8",",,W","0.0",",,W,2400","0.0",",,W,2400","0.0",",,W,2400","16.7",",,W","7.2",",,W","  300",",,W","7.2",",,W"
"USW00094728","NY CITY CENTRAL PARK, NY US","2024-11-17","2.1",",,W","0.0",",,W,2400","0.0",",,W,2400","0.0",",,W,2400","17.2",",,W","6.7",",,W","  300",",,W","5.8",",,W"
"USW00094728","NY CITY CENTRAL PARK, NY US","2024-11-18","1.9",",,W","0.0",",,W,2400","0.0",",,W,2400","0.0",",,W,2400","18.9",",,W","9.4",",,W","  300",",,W","7.2",",,W"
"USW00094728","NY CITY CENTRAL PARK, NY US","2024-11-19","1.0",",,W","0.0","T,,W,2400","0.0",",,W,2400","0.0",",,W,2400","15.6",",,W","8.3",",,W","  300",",,W","4.5",",,W"
"USW00094728","NY CITY CENTRAL PARK, NY US","2024-11-20","1.3",",,W","0.0",",,W,2400","0.0",",,W,2400","0.0",",,W,2400","15.6",",,W","11.7",",,W","  100",",,W","8.1",",,W"
"USW00094728","NY CITY CENTRAL PARK, NY US","2024-11-21","3.1",",,W","39.9",",,W,2400","0.0",",,W,2400","0.0",",,W,2400","12.2",",,W","2.8",",,W","   50",",,W","6.7",",,W"
"USW00094728","NY CITY CENTRAL PARK, NY US","2024-11-22","2.7",",,W","13.5",",,W,2400","0.0",",,W,2400","0.0",",,W,2400","4.4",",,W","2.8",",,W","  230",",,W","7.2",",,W"
"USW00094728","NY CITY CENTRAL PARK, NY US","2024-11-23","3.7",",,W","0.5",",,W,2400","0.0",",,W,2400","0.0",",,W,2400","9.4",",,W","2.8",",,W","  290",",,W","9.4",",,W"
"USW00094728","NY CITY CENTRAL PARK, NY US","2024-11-24","4.4",",,W","0.0","T,,W,2400","0.0",",,W,2400","0.0",",,W,2400","11.7",",,W","6.7",",,W","  280",",,W","8.9",",,W"
"USW00094728","NY CITY CENTRAL PARK, NY US","2024-11-25","1.4",",,W","0.0",",,W,2400","0.0",",,W,2400","0.0",",,W,2400","12.2",",,W","5.0",",,W","  290",",,W","4.5",",,W"
"USW00094728","NY CITY CENTRAL PARK, NY US","2024-11-26","2.1",",,W","4.8",",,W,2400","0.0",",,W,2400","0.0",",,W,2400","14.4",",,W","7.8",",,W","  310",",,W","6.3",",,W"
"USW00094728","NY CITY CENTRAL PARK, NY US","2024-11-27","2.0",",,W","0.0",",,W,2400","0.0",",,W,2400","0.0",",,W,2400","11.1",",,W","6.1",",,W","  230",",,W","5.4",",,W"
"USW00094728","NY CITY CENTRAL PARK, NY US","2024-11-28","2.5",",,W","21.8",",,W,2400","0.0",",,W,2400","0.0",",,W,2400","9.4",",,W","5.6",",,W","  270",",,W","7.2",",,W"
"USW00094728","NY CITY CENTRAL PARK, NY US","2024-11-29","2.6",",,W","0.0","T,,W,2400","0.0",",,W,2400","0.0",",,W,2400","8.3",",,W","1.1",",,W","  280",",,W","6.7",",,W"
"USW00094728","NY CITY CENTRAL PARK, NY US","2024-11-30","3.4",",,W","0.0",",,W,2400","0.0",",,W,2400","0.0",",,W,2400","3.9",",,W","-1.0",",,W","  270",",,W","6.3",",,W"
"USW00094728","NY CITY CENTRAL PARK, NY US","2024-12-01","3.3",",,W","0.0",",,W,2400","0.0",",,W,2400","0.0",",,W,2400","3.3",",,W","-2.7",",,W","  230",",,W","7.6",",,W"
"USW00094728","NY CITY CENTRAL PARK, NY US","2024-12-02","2.4",",,W","0.0",",,W,2400","0.0",",,W,2400","0.0",",,W,2400","3.9",",,W","-1.6",",,W","  300",",,W","5.8",",,W"
"USW00094728","NY CITY CENTRAL PARK, NY US","2024-12-03","2.7",",,W","0.0","T,,W,2400","0.0","T,,W,2400","0.0",",,W,2400","5.6",",,W","0.0",",,W","  310",",,W","7.2",",,W"
"USW00094728","NY CITY CENTRAL PARK, NY US","2024-12-04","2.0",",,W","0.3",",,W,2400","0.0","T,,W,2400","0.0",",,W,2400","5.6",",,W","-1.0",",,W","  190",",,W","7.2",",,W"
"USW00094728","NY CITY CENTRAL PARK, NY US","2024-12-05","3.8",",,W","2.3",",,W,2400","0.0","T,,W,2400","0.0",",,W,2400","4.4",",,W","-0.5",",,W","  280",",,W","9.4",",,W"
"USW00094728","NY CITY CENTRAL PARK, NY US","2024-12-06","3.8",",,W","0.0",",,W,2400","0.0",",,W,2400","0.0",",,W,2400","1.1",",,W","-1.0",",,W","  310",",,W","8.1",",,W"
"USW00094728","NY CITY CENTRAL PARK, NY US","2024-12-07","3.4",",,W","0.0",",,W,2400","0.0",",,W,2400","0.0",",,W,2400","5.0",",,W","-0.5",",,W","  290",",,W","6.3",",,W"
"USW00094728","NY CITY CENTRAL PARK, NY US","2024-12-08","2.7",",,W","0.0",",,W,2400","0.0",",,W,2400","0.0",",,W,2400","12.8",",,W","3.3",",,W","  220",",,W","6.7",",,W"
"USW00094728","NY CITY CENTRAL PARK, NY US","2024-12-09","1.6",",,W","4.6",",,W,2400","0.0",",,W,2400","0.0",",,W,2400","10.6",",,W","6.7",",,W","   60",",,W","4.5",",,W"
"USW00094728","NY CITY CENTRAL PARK, NY US","2024-12-10","2.5",",,W","6.6",",,W,2400","0.0",",,W,2400","0.0",",,W,2400","10.0",",,W","6.7",",,W","   80",",,W","5.4",",,W"
"USW00094728","NY CITY CENTRAL PARK, NY US","2024-12-11","2.9",",,W","21.6",",,W,2400","0.0",",,W,2400","0.0",",,W,2400","15.6",",,W","5.0",",,W","  280",",,W","8.1",",,W"
"USW00094728","NY CITY CENTRAL PARK, NY US","2024-12-12","4.2",",,W","0.0",",,W,2400","0.0",",,W,2400","0.0",",,W,2400","5.0",",,W","-1.6",",,W","  240",",,W","10.3",",,W"
"USW00094728","NY CITY CENTRAL PARK, NY US","2024-12-13","3.0",",,1","0.0",",,W,2400","0.0",",,W,2400","0.0",",,W,2400","0.6",",,W","-2.7",",,W","  310",",,W","6.7",",,W"
"USW00094728","NY CITY CENTRAL PARK, NY US","2024-12-14","2.2",",,W","0.0",",,W,2400","0.0",",,W,2400","0.0",",,W,2400","1.1",",,W","-3.2",",,W","   50",",,W","6.3",",,W"
"USW00094728","NY CITY CENTRAL PARK, NY US","2024-12-15","2.3",",,W","1.5",",,W,2400","0.0",",,W,2400","0.0",",,W,2400","5.0",",,W","-2.1",",,W","   60",",,W","5.4",",,W"
"USW00094728","NY CITY CENTRAL PARK, NY US","2024-12-16","2.3",",,W","23.1",",,W,2400","0.0",",,W,2400","0.0",",,W,2400","11.1",",,W","3.3",",,W","  100",",,W","5.4",",,W"
"USW00094728","NY CITY CENTRAL PARK, NY US","2024-12-17","2.3",",,W","0.5",",,W,2400","0.0",",,W,2400","0.0",",,W,2400","15.0",",,W","9.4",",,W","  240",",,W","6.3",",,W"
"USW00094728","NY CITY CENTRAL PARK, NY US","2024-12-18","1.2",",,W","8.1",",,W,2400","0.0",",,W,2400","0.0",",,W,2400","11.7",",,W","5.6",",,W","  300",",,W","4.0",",,W"
"USW00094728","NY CITY CENTRAL PARK, NY US","2024-12-19","3.0",",,W","1.3",",,W,2400","0.0",",,W,2400","0.0",",,W,2400","7.2",",,W","2.8",",,W","  300",",,W","7.2",",,W"
"USW00094728","NY CITY CENTRAL PARK, NY US","2024-12-20","3.8",",,W","1.0",",,W,2400","0.0","T,,W,2400","0.0",",,W,2400","2.8",",,W","0.6",",,W","   60",",,W","8.9",",,W"
"USW00094728","NY CITY CENTRAL PARK, NY US","2024-12-21","4.7",",,W","3.8",",,W,2400","46.0",",,W,2400","50.0",",,W,2400","0.6",",,W","-7.1",",,W","  310",",,W","9.8",",,W"
"USW00094728","NY CITY CENTRAL PARK, NY US","2024-12-22","3.4",",,1","0.0",",,W,2400","0.0",",,W,2400","30.0",",,W,2400","-6.0",",,W","-10.5",",,W","  300",",,W","7.6",",,W"
"USW00094728","NY CITY CENTRAL PARK, NY US","2024-12-23","1.4",",,W","0.0",",,W,2400","0.0",",,W,2400","30.0",",,W,2400","-0.5",",,W","-10.5",",,W","  220",",,W","5.4",",,W"
"USW00094728","NY CITY CENTRAL PARK, NY US","2024-12-24","2.2",",,W","2.5",",,W,2400","25.0",",,W,2400","30.0",",,W,2400","3.9",",,W","-2.1",",,W","  220",",,W","5.8",",,W"
"USW00094728","NY CITY CENTRAL PARK, NY US","2024-12-25","1.7",",,W","0.0",",,W,2400","0.0",",,W,2400","30.0",",,W,2400","1.7",",,W","-2.1",",,W","  300",",,W","5.4",",,W"
"USW00094728","NY CITY CENTRAL PARK, NY US","2024-12-26","1.4",",,W","0.0",",,W,2400","0.0",",,W,2400","30.0",",,W,2400","2.2",",,W","-4.3",",,W","   40",",,W","3.1",",,W"
"USW00094728","NY CITY CENTRAL PARK, NY US","2024-12-27","0.5",",,W","0.0",",,W,2400","0.0",",,W,2400","30.0",",,W,2400","6.7",",,W","-3.2",",,W","  250",",,W","3.6",",,W"
"USW00094728","NY CITY CENTRAL PARK, NY US","2024-12-28","0.6",",,W","14.2",",,W,2400","0.0",",,W,2400","0.0",",,W,2400","12.2",",,W","4.4",",,W","  220",",,W","3.6",",,W"
"USW00094728","NY CITY CENTRAL PARK, NY US","2024-12-29","2.1",",,W","4.1",",,W,2400","0.0",",,W,2400","0.0",",,W,2400","15.6",",,W","10.0",",,W","  160",",,W","6.3",",,W"
"USW00094728","NY CITY CENTRAL PARK, NY US","2024-12-30","2.9",",,W","9.4",",,W,2400","0.0",",,W,2400","0.0",",,W,2400","14.4",",,W","9.4",",,W","  240",",,W","7.2",",,W"
"USW00094728","NY CITY CENTRAL PARK, NY US","2024-12-31","2.3",",,W","10.2",",,W,2400","0.0",",,W,2400","0.0",",,W,2400","11.7",",,W","6.7",",,W","   60",",,W","7.2",",,W"
