time,latitude,longitude,depth,mag,magType,nst,gap,dmin,rms,net,id,updated,place,type,horizontalError,depthError,magError,magNst,status,locationSource,magSource
2024-01-01T07:06:05.477Z,37.4933,137.2491,10,5.8,mb,279,53,0.968,0.47,us,us6000m0xj,2024-03-09T21:38:16.040Z,"42 km NE of Anamizu, Japan",earthquake,2.05,1.792,0.021,784,reviewed,us,us
2024-01-01T07:10:09.476Z,37.4874,137.271,10,7.5,mww,282,36,0.957,0.55,us,us6000m0xl,2026-07-29T08:13:38.562Z,"2024 Noto Peninsula, Japan Earthquake",earthquake,4.03,1.807,0.034,82,reviewed,us,us
2024-01-01T07:18:41.584Z,37.1895,136.8272,10,6.2,mb,185,32,1.278,0.4,us,us6000m0xm,2025-01-04T22:53:01.431Z,"8 km SW of Anamizu, Japan",earthquake,1.95,1.794,0.024,672,reviewed,us,us
2024-01-01T07:56:47.661Z,37.2997,136.8875,10,5.6,mww,148,67,1.296,0.52,us,us6000m0xt,2024-03-09T21:38:18.040Z,"7 km N of Anamizu, Japan",earthquake,6.64,1.795,0.098,10,reviewed,us,us
2024-01-01T09:03:48.859Z,37.5339,137.4185,10,5.5,mb,130,43,0.835,0.73,us,us6000m0y9,2024-03-09T21:38:22.040Z,"56 km NE of Anamizu, Japan",earthquake,5.08,1.722,0.023,662,reviewed,us,us
2024-01-01T09:08:17.603Z,37.5146,137.4029,10,5.6,mb,146,50,0.856,0.71,us,us6000m0ya,2024-03-09T21:38:22.040Z,"54 km NE of Anamizu, Japan",earthquake,4.11,1.793,0.021,781,reviewed,us,us
2024-01-03T08:04:04.468Z,-28.4508,-68.8167,117,5.5,mww,124,29,1.743,1.19,us,us6000m1cg,2024-03-09T21:38:58.040Z,"68 km WNW of Vinchina, Argentina",earthquake,5.97,1.854,0.043,52,reviewed,us,us
2024-01-04T04:56:37.532Z,-21.1187,-176.5067,197,5.7,mww,243,20,1.217,0.62,us,us6000m1ld,2024-03-09T21:39:13.040Z,"125 km W of Houma, Tonga",earthquake,11.39,1.893,0.048,42,reviewed,us,us
2024-01-06T11:46:31.666Z,3.1484,65.4881,10,5.6,mww,144,28,8.468,0.56,us,us6000m26y,2024-03-09T21:39:44.040Z,"Carlsberg Ridge",earthquake,8.75,1.811,0.089,12,reviewed,us,us
2024-01-06T12:33:02.528Z,-24.4019,-116.0254,10,5.5,mwb,104,65,6.614,0.53,us,us6000m27f,2024-03-09T21:39:45.040Z,"southern East Pacific Rise",earthquake,11.85,1.802,0.103,9,reviewed,us,us
2024-01-07T18:06:11.273Z,-62.2113,165.5051,10,5.6,mww,31,122,8.465,0.43,us,us6000m2cv,2024-03-09T21:40:00.040Z,"Balleny Islands region",earthquake,12.45,1.905,0.078,16,reviewed,us,us
2024-01-07T20:00:07.311Z,-62.3294,165.3253,10,5.5,mww,34,120,8.533,0.5,us,us6000m2d7,2024-03-09T21:40:02.040Z,"Balleny Islands region",earthquake,11.98,1.893,0.066,22,reviewed,us,us
2024-01-08T20:48:42.361Z,4.9225,126.1575,62.574,6.7,mww,138,22,2.209,0.76,us,us6000m2jp,2024-03-16T19:00:03.040Z,"93 km SE of Sarangani, Philippines",earthquake,7.15,3.404,0.06,27,reviewed,us,us
2024-01-09T07:53:21.240Z,-20.8063,-173.6067,10,5.6,mww,79,46,1.535,1.35,us,us6000m2nr,2024-03-16T19:00:08.040Z,"134 km SE of Pangai, Tonga",earthquake,7.96,1.775,0.059,28,reviewed,us,us
2024-01-09T08:59:10.141Z,37.8629,137.7814,10,5.9,mww,147,24,0.416,0.88,us,us6000m2ny,2024-03-16T19:00:09.040Z,"53 km WSW of Sado, Japan",earthquake,6.73,1.692,0.047,43,reviewed,us,us
2024-01-11T09:20:26.337Z,36.4979,70.6013,204,6.4,mww,140,17,3.122,1.02,us,us6000m31m,2024-03-16T19:00:18.040Z,"45 km SSW of Jurm, Afghanistan",earthquake,6.09,1.879,0.039,62,reviewed,us,us
2024-01-12T07:46:21.171Z,56.4383,-135.7137,11.1,5.9,mww,,,,0.93,ak,ak024jyw3sk,2025-12-27T20:54:39.081Z,"69 km WNW of Port Alexander, Alaska",earthquake,,0.8,,,reviewed,ak,ak
2024-01-17T12:32:01.191Z,8.558,126.5225,39,5.6,mww,161,79,1.749,0.92,us,us6000m45x,2024-03-29T17:37:52.040Z,"29 km NE of Hinatuan, Philippines",earthquake,8.91,1.939,0.048,41,reviewed,us,us
2024-01-18T04:50:01.458Z,-21.6325,-176.3137,155,5.8,mww,214,36,1.132,0.61,us,us6000m4c9,2024-03-29T17:37:52.040Z,"116 km WSW of Houma, Tonga",earthquake,4.66,1.875,0.083,14,reviewed,us,us
2024-01-18T12:46:11.570Z,-55.3553,-28.506,8,5.6,mww,98,18,4.74,0.71,us,us6000m4ej,2024-03-29T17:37:53.040Z,"South Sandwich Islands region",earthquake,9.49,1.679,0.068,21,reviewed,us,us
2024-01-18T22:12:21.755Z,-18.9103,-175.4225,209,6.4,mww,121,22,1.372,0.7,us,us6000m4js,2024-03-29T17:37:53.040Z,"148 km NW of Fangale’ounga, Tonga",earthquake,9.77,1.878,0.038,66,reviewed,us,us
2024-01-19T04:57:13.544Z,-13.5862,166.8644,32,5.5,mww,90,26,7.351,1.13,us,us6000m4lx,2024-03-29T17:37:53.040Z,"80 km WNW of Sola, Vanuatu",earthquake,8.16,1.803,0.066,22,reviewed,us,us
2024-01-19T11:26:03.598Z,4.7429,-75.8481,65.067,5.6,mww,196,37,1.473,0.73,us,us6000m4n2,2026-08-28T21:29:52.065Z,"7 km E of Cartago, Colombia",earthquake,7.03,4.294,0.047,43,reviewed,us,us
2024-01-20T15:48:40.121Z,18.5192,145.6341,184,6.1,mww,302,10,3.263,1.01,us,us6000m50e,2026-01-04T20:54:36.536Z,"Pagan region, Northern Mariana Islands",earthquake,6.38,1.758,0.034,82,reviewed,us,us
2024-01-20T21:31:05.092Z,-7.2879,-71.464,607,6.6,mww,185,36,7.065,0.69,us,us6000m52p,2025-02-10T17:01:03.186Z,"123 km NW of Tarauacá, Brazil",earthquake,9.42,1.919,0.073,18,reviewed,us,us
2024-01-20T22:09:39.708Z,-39.93,46.1966,10,6.2,mww,102,18,7.701,0.62,us,us6000m53t,2024-03-29T17:37:55.040Z,"Southwest Indian Ridge",earthquake,8.37,1.776,0.075,17,reviewed,us,us
2024-01-22T18:09:04.340Z,41.2555,78.6538,13,7,mww,121,29,0.428,0.64,us,us7000lsze,2025-11-29T17:59:35.418Z,"128 km WNW of Aykol, China",earthquake,4.68,1.811,0.054,33,reviewed,us,us
2024-01-22T18:14:16.160Z,41.2703,78.6211,10,5.8,mb,142,59,0.454,0.53,us,us7000lt1i,2024-03-30T22:32:31.040Z,"129 km SSE of Kyzyl-Suu, Kyrgyzstan",earthquake,6.42,1.848,0.055,119,reviewed,us,us
2024-01-22T19:36:47.834Z,41.2085,78.6438,10,5.5,mb,133,59,0.432,0.65,us,us7000lt0j,2024-03-30T22:32:28.040Z,"128 km WNW of Aykol, China",earthquake,6.16,1.83,0.029,410,reviewed,us,us
2024-01-23T14:33:45.022Z,-17.9827,168.0499,31,6.3,mww,248,38,4.339,0.71,us,us7000lt73,2024-06-18T21:50:31.741Z,"39 km SW of Port-Vila, Vanuatu",earthquake,7.83,1.092,0.052,36,reviewed,us,us
2024-01-25T12:24:12.531Z,-8.2065,121.1669,21.643,5.6,mww,85,54,3.41,0.99,us,us7000ltpz,2024-03-30T22:33:30.040Z,"89 km NW of Ende, Indonesia",earthquake,6.69,2.555,0.06,27,reviewed,us,us
2024-01-25T23:01:02.114Z,-1.1487,-13.9615,10,5.5,mww,89,39,6.751,0.46,us,us7000ltus,2024-03-30T22:33:39.040Z,"north of Ascension Island",earthquake,5.98,1.785,0.062,25,reviewed,us,us
2024-01-27T05:52:48.419Z,14.0636,-90.6159,90,6.1,mww,134,57,0.479,0.84,us,us7000luai,2024-09-15T05:04:21.428Z,"15 km W of Taxisco, Guatemala",earthquake,7.28,1.935,0.033,87,reviewed,us,us
2024-01-28T09:38:56.538Z,-8.236,-71.4005,621.081,6.5,mww,237,40,6.526,0.86,us,us7000lui3,2024-03-30T22:34:43.040Z,"70 km W of Tarauacá, Brazil",earthquake,7.28,2.996,0.062,25,reviewed,us,us
2024-01-29T22:27:41.948Z,41.1985,78.6388,10,5.7,mww,326,24,0.821,0.56,us,us7000luuy,2024-04-13T19:27:07.040Z,"128 km WNW of Aykol, China",earthquake,4.94,1.734,0.056,31,reviewed,us,us
2024-01-31T10:49:35.461Z,-22.8357,-177.1449,176,5.8,mww,165,32,2.448,0.78,us,us7000lv7d,2024-04-13T19:29:12.040Z,"264 km SW of Houma, Tonga",earthquake,10,1.93,0.068,21,reviewed,us,us
2024-02-09T10:57:48.482Z,-29.9268,-177.2323,13,6.1,mww,210,26,0.893,0.74,us,us7000lxyv,2024-04-20T19:34:37.040Z,"Kermadec Islands, New Zealand",earthquake,6.62,1.373,0.041,56,reviewed,us,us
2024-02-09T20:06:31.660Z,19.186833333333,-155.49316666667,36.97,5.88,ml,62,73,0.04288,0.11,hv,hv74103036,2026-08-15T22:49:42.744Z,"2 km SW of Pāhala, Hawaii",earthquake,0.38,0.51,0.31216609430118,40,reviewed,hv,hv
2024-02-10T03:22:06.930Z,8.6822,125.568,32,5.8,mww,103,43,1.602,0.83,us,us7000ly6w,2024-09-04T09:53:25.115Z,"8 km W of Esperanza, Philippines",earthquake,8.66,1.825,0.043,52,reviewed,us,us
2024-02-12T11:19:34.858Z,22.0086,142.7919,236,6.1,mww,168,23,5.095,0.89,us,us7000lym6,2026-01-27T16:58:43.673Z,"Volcano Islands, Japan region",earthquake,5.68,1.86,0.034,81,reviewed,us,us
2024-02-14T01:31:41.819Z,-28.8913,-71.4208,28,5.8,mww,141,72,0.642,0.56,us,us7000lz23,2024-04-24T14:42:02.040Z,"73 km WSW of Vallenar, Chile",earthquake,3.92,1.769,0.046,46,reviewed,us,us
2024-02-14T04:30:56.615Z,-58.2846,-25.0267,23,5.7,mww,111,33,7.531,0.71,us,us7000lz2v,2024-04-24T14:42:02.040Z,"South Sandwich Islands region",earthquake,9.03,1.74,0.068,21,reviewed,us,us
2024-02-14T11:40:22.125Z,11.0047,138.5725,14,6,mww,143,56,6.667,0.68,us,us7000lz5f,2024-04-24T14:42:02.040Z,"171 km NNE of Colonia, Micronesia",earthquake,9.99,1.869,0.04,59,reviewed,us,us
2024-02-14T18:58:34.115Z,-16.6583,172.8779,8,5.6,mww,166,27,5.063,0.63,us,us7000lz8a,2024-04-24T14:42:02.040Z,"Vanuatu region",earthquake,8.28,1.728,0.04,60,reviewed,us,us
2024-02-18T06:06:54.422Z,-15.3176,-175.3142,10,5.5,mww,105,53,2.894,0.63,us,us7000lzyu,2024-04-24T14:42:05.040Z,"177 km WNW of Hihifo, Tonga",earthquake,6.96,1.429,0.098,10,reviewed,us,us
2024-02-18T07:29:20.068Z,-16.0835,-174.6161,222.062,5.6,mww,130,44,3.816,0.77,us,us7000lzz2,2024-04-24T14:42:05.040Z,"88 km W of Hihifo, Tonga",earthquake,7.25,3.702,0.062,25,reviewed,us,us
2024-02-21T12:11:31.245Z,-0.8908,146.0892,10,5.5,mww,104,51,5.62,0.46,us,us7000m0jb,2024-05-02T15:50:12.040Z,"182 km NW of Lorengau, Papua New Guinea",earthquake,8.72,1.85,0.066,22,reviewed,us,us
2024-02-23T01:51:13.973Z,-35.0892,-110.7745,10,6.3,mww,98,38,7.986,0.86,us,us7000m0zq,2024-05-02T15:50:12.040Z,"southern East Pacific Rise",earthquake,9.49,1.767,0.057,30,reviewed,us,us
2024-02-25T13:07:04.300Z,-7.3405,105.9282,34,5.6,mww,133,54,1.712,0.72,us,us7000m1h8,2024-05-02T15:50:14.040Z,"79 km WSW of Pelabuhanratu, Indonesia",earthquake,7.95,1.798,0.056,31,reviewed,us,us
2024-02-28T15:50:21.854Z,52.0016,179.5832,119.968,5.5,mww,144,27,0.005,0.83,us,us6000mflq,2026-02-13T17:02:39.335Z,"260 km W of Adak, Alaska",earthquake,6.27,4.114,0.043,51,reviewed,us,us
2024-03-01T17:29:44.950Z,11.5105,57.6508,8.034,5.9,mww,255,18,13.433,0.93,us,us6000mg58,2024-05-10T21:25:57.040Z,"Owen Fracture Zone region",earthquake,8.31,2.95,0.059,28,reviewed,us,us
2024-03-02T00:26:40.579Z,-20.5625,-178.3442,546.098,5.8,mww,129,32,2.998,0.53,us,us6000mg8a,2024-05-10T21:25:57.040Z,"Fiji region",earthquake,9.82,3.248,0.066,22,reviewed,us,us
2024-03-03T16:16:53.995Z,-58.8881,159.1441,23.187,6.8,mww,49,58,4.403,0.57,us,us6000mghc,2024-05-10T21:25:58.040Z,"Macquarie Island region",earthquake,10.52,3.009,0.037,72,reviewed,us,us
2024-03-05T19:52:52.612Z,-59.1953,158.7607,10,6.1,mww,77,41,4.71,1.18,us,us6000mgyj,2024-05-15T17:35:05.040Z,"Macquarie Island region",earthquake,11.98,1.775,0.05,38,reviewed,us,us
2024-03-07T08:20:10.597Z,9.7718,-86.3228,9,5.6,mww,265,143,1.445,0.61,us,us7000m3ud,2024-10-12T18:01:27.679Z,"78 km SW of Tamarindo, Costa Rica",earthquake,6.3,1.882,0.029,113,reviewed,us,us
2024-03-07T10:06:30.797Z,33.5389,92.9927,10,5.6,mww,179,26,4.142,0.57,us,us7000m3ur,2024-05-15T17:35:03.040Z,"244 km NNE of Nagqu, China",earthquake,7.24,1.832,0.089,12,reviewed,us,us
2024-03-08T09:11:45.110Z,5.8168,126.9407,115,6,mww,182,52,1.838,0.59,us,us7000m439,2024-05-15T17:35:02.040Z,"103 km SE of Pondaguitan, Philippines",earthquake,8.01,1.894,0.033,88,reviewed,us,us
2024-03-13T15:13:22.779Z,-5.831,150.6843,44,6,mww,142,29,4.981,0.96,us,us6000milg,2024-05-18T21:22:41.040Z,"68 km ESE of Kimbe, Papua New Guinea",earthquake,8.19,1.917,0.041,56,reviewed,us,us
2024-03-13T18:56:14.833Z,-0.1457,125.2455,39,5.7,mww,150,28,2.309,0.97,us,us6000minw,2024-05-18T21:22:43.040Z,"111 km SE of Modisi, Indonesia",earthquake,6.95,1.838,0.065,23,reviewed,us,us
2024-03-13T20:06:34.414Z,-49.6592,125.8833,10,5.5,mww,77,40,16.252,0.91,us,us6000mipe,2024-05-18T21:22:44.040Z,"western Indian-Antarctic Ridge",earthquake,9.73,1.755,0.068,21,reviewed,us,us
2024-03-14T15:14:35.701Z,37.083,141.1231,44,5.6,mww,122,71,2.4,0.78,us,us6000miuf,2025-09-13T15:42:22.364Z,"21 km E of Iwaki, Japan",earthquake,1.82,1.896,0.066,22,reviewed,us,us
2024-03-14T21:10:24.786Z,29.7971,-42.6608,10,6.2,mww,189,54,16.297,0.59,us,us6000miy6,2024-05-18T21:22:58.040Z,"northern Mid-Atlantic Ridge",earthquake,9.43,1.776,0.037,71,reviewed,us,us
2024-03-15T10:32:50.046Z,28.4192,130.1034,20,5.6,mww,238,78,2.264,0.51,us,us6000mj1l,2024-05-18T21:23:04.040Z,"49 km E of Tatsugō, Japan",earthquake,6.13,1.807,0.046,46,reviewed,us,us
2024-03-16T00:14:51.989Z,-58.935,158.3538,10,5.9,mww,57,52,4.46,0.5,us,us6000mj77,2024-05-18T21:23:15.040Z,"Macquarie Island region",earthquake,11.01,1.827,0.06,27,reviewed,us,us
2024-03-17T00:44:02.920Z,12.3856,-87.6546,48,5.6,mww,180,91,0.692,1.08,us,us6000mjct,2024-05-18T21:23:27.040Z,"45 km SSW of Jiquilillo, Nicaragua",earthquake,7.04,1.924,0.05,38,reviewed,us,us
2024-03-19T00:35:18.851Z,29.6902,65.3791,8,5.5,mww,279,22,5.769,0.55,us,us6000mjpj,2025-02-15T17:59:58.381Z,"64 km WNW of Nushki, Pakistan",earthquake,7.64,1.75,0.068,21,reviewed,us,us
2024-03-19T02:25:31.684Z,-31.2982,-179.131,9.961,5.5,mww,53,48,2.284,0.56,us,us6000mjpw,2024-05-27T14:19:19.040Z,"Kermadec Islands region",earthquake,11.63,3.368,0.06,27,reviewed,us,us
2024-03-19T18:07:02.532Z,-56.4959,-143.3884,10,5.5,mww,24,64,32.845,0.76,us,us6000mk0i,2024-05-27T14:19:20.040Z,"Pacific-Antarctic Ridge",earthquake,8.71,1.837,0.117,7,reviewed,us,us
2024-03-20T05:48:18.048Z,-56.2515,-27.259,89,5.6,mww,108,32,5.633,1.04,us,us6000mjx0,2024-05-27T14:19:19.040Z,"South Sandwich Islands region",earthquake,9.49,1.831,0.078,16,reviewed,us,us
2024-03-22T04:22:45.531Z,-5.8155,112.3187,10,5.6,mww,89,27,2.233,1.12,us,us6000mkej,2026-02-21T22:26:19.186Z,"117 km N of Paciran, Indonesia",earthquake,6.94,1.745,0.069,20,reviewed,us,us
2024-03-22T08:52:58.999Z,-5.8754,112.3646,9.471,6.4,mww,208,39,2.239,0.62,us,us6000mkfz,2025-08-01T14:22:58.804Z,"110 km N of Paciran, Indonesia",earthquake,5.96,3.096,0.038,65,reviewed,us,us
2024-03-23T20:22:04.348Z,-4.1292,143.134,41.464,6.9,mww,147,32,2.909,0.76,us,us6000mksx,2024-10-09T09:07:01.269Z,"36 km ENE of Ambunti, Papua New Guinea",earthquake,8.06,2.476,0.047,44,reviewed,us,us
2024-03-24T03:04:07.847Z,-9.4207,122.1832,62.174,5.7,mww,126,52,2.082,0.98,us,us6000mkvx,2024-05-27T14:19:23.040Z,"85 km SE of Ende, Indonesia",earthquake,8.03,4.007,0.103,9,reviewed,us,us
2024-03-25T05:22:17.065Z,16.5556,-46.462,10,5.5,mww,301,54,12.889,0.56,us,us6000ml19,2024-06-01T21:55:46.040Z,"northern Mid-Atlantic Ridge",earthquake,9.49,1.85,0.06,27,reviewed,us,us
2024-03-25T17:00:02.616Z,-59.0543,158.6349,10,5.5,mww,33,114,4.571,0.75,us,us7000m7xz,2024-06-01T21:55:46.040Z,"Macquarie Island region",earthquake,13.38,1.916,0.071,19,reviewed,us,us
2024-03-27T01:28:17.689Z,-21.0715,173.7373,10,6.4,mww,81,43,5.247,0.79,us,us7000m86i,2024-06-01T21:55:47.040Z,"Vanuatu region",earthquake,9.36,1.74,0.043,53,reviewed,us,us
2024-03-27T03:23:02.962Z,42.3102,-126.7243,10,5.6,mww,130,116,1.762,0.55,us,us7000m875,2026-03-12T21:16:42.082Z,"189 km WSW of Port Orford, Oregon",earthquake,2.83,1.796,0.034,81,reviewed,us,us
2024-03-29T07:12:48.063Z,37.3224,21.2557,26.873,5.8,mww,209,32,0.553,1.16,us,us7000m8q9,2024-06-01T21:55:49.040Z,"34 km WNW of Filiatrá, Greece",earthquake,5.89,3.694,0.043,52,reviewed,us,us
2024-03-29T09:57:05.507Z,-4.562,149.5876,570.902,5.6,mww,127,34,3.343,0.54,us,us7000m8qr,2024-06-01T21:55:49.040Z,"125 km NNW of Kimbe, Papua New Guinea",earthquake,5.44,5.368,0.08,15,reviewed,us,us
2024-03-30T16:28:57.456Z,52.1143,178.3963,109,5.8,mww,326,25,0.163,0.87,us,us7000m8yd,2026-03-15T21:16:37.286Z,"Rat Islands, Aleutian Islands, Alaska",earthquake,6.14,1.727,0.035,77,reviewed,us,us
2024-03-31T03:01:44.594Z,-19.847,-176.0058,10,5.5,mww,52,52,1.516,1,us,us7000m90u,2024-06-01T21:55:50.040Z,"163 km NNW of Houma, Tonga",earthquake,8.44,1.582,0.069,20,reviewed,us,us
2024-03-31T17:01:51.297Z,-62.7208,156.0408,10,5.9,mww,47,100,8.384,0.55,us,us7000m936,2024-06-01T21:55:50.040Z,"Balleny Islands region",earthquake,11.01,1.884,0.065,23,reviewed,us,us
2024-04-01T19:24:36.670Z,40.1435,141.6984,73,5.9,mww,147,29,0.806,0.98,us,us7000m98g,2025-09-26T18:58:42.809Z,"7 km SW of Kuji, Japan",earthquake,4.39,1.879,0.045,47,reviewed,us,us
2024-04-02T09:54:08.569Z,15.8146,146.8779,10,6.2,mww,247,37,1.195,0.43,us,us7000m9bq,2026-03-18T21:16:41.850Z,"137 km ENE of Saipan, Northern Mariana Islands",earthquake,5.68,1.806,0.044,49,reviewed,us,us
2024-04-02T23:58:12.173Z,23.8356,121.5976,40,7.4,mww,322,17,0.337,0.93,us,us7000m9g4,2026-09-27T23:41:04.477Z,"15 km S of Hualien City, Taiwan",earthquake,4.73,1.877,0.027,133,reviewed,us,us
2024-04-03T00:11:25.266Z,24.1021,121.6812,13.931,6.4,mww,183,50,0.63,0.77,us,us7000m9gc,2024-06-12T21:51:51.040Z,"15 km NNE of Hualien City, Taiwan",earthquake,3.79,3.485,0.062,25,reviewed,us,us
2024-04-03T00:35:36.982Z,24.1511,121.6993,15.864,5.6,mb,115,49,0.594,0.69,us,us7000m9gh,2024-06-12T21:51:51.040Z,"21 km NNE of Hualien City, Taiwan",earthquake,3.29,3.182,0.062,93,reviewed,us,us
2024-04-03T00:46:44.732Z,24.1702,121.7273,14.297,5.6,mww,135,27,0.591,0.72,us,us7000m9gp,2024-06-12T21:51:52.040Z,"24 km NNE of Hualien City, Taiwan",earthquake,4.4,3.437,0.11,8,reviewed,us,us
2024-04-03T01:39:47.928Z,23.7873,121.7835,26.363,5.7,mwr,63,67,0.595,0.62,us,us7000mbfv,2024-06-12T21:51:58.040Z,"27 km SE of Hualien City, Taiwan",earthquake,4.57,3.15,0.083,14,reviewed,us,us
2024-04-03T02:14:36.488Z,24.1954,121.9338,41.798,5.7,mwr,131,24,0.694,0.78,us,us7000m9hp,2024-06-12T21:51:52.040Z,"41 km NE of Hualien City, Taiwan",earthquake,4.24,4.338,0.06,27,reviewed,us,us
2024-04-04T03:16:30.313Z,37.7104,141.856,29,6.1,mww,304,59,2.7,0.64,us,us7000m9sq,2025-09-13T16:29:10.227Z,"77 km E of Minami-Sōma, Japan",earthquake,6.43,1.705,0.046,45,reviewed,us,us
2024-04-05T11:03:16.357Z,19.1103,145.3659,222,6.8,mww,199,31,3.869,0.85,us,us7000ma2w,2026-03-21T21:18:34.752Z,"Maug Islands region, Northern Mariana Islands",earthquake,8.22,1.918,0.027,136,reviewed,us,us
2024-04-05T12:45:38.655Z,26.4924,96.9139,69.136,5.7,mb,157,22,5.571,0.71,us,us7000ma59,2024-06-12T21:51:54.040Z,"33 km NNE of Sarupathar, India",earthquake,8.38,6.269,0.031,379,reviewed,us,us
2024-04-05T20:32:13.197Z,-18.147,-174.4561,114.688,5.6,mww,233,24,3.088,0.82,us,us7000maah,2024-06-12T21:51:54.040Z,"74 km NW of Neiafu, Tonga",earthquake,7.95,3.616,0.056,31,reviewed,us,us
2024-04-09T00:02:52.078Z,-1.6951,134.4237,6.66,5.9,mww,177,22,2.49,0.48,us,us7000maw0,2024-06-17T02:14:54.040Z,"34 km SE of Ransiki, Indonesia",earthquake,5.49,2.809,0.055,32,reviewed,us,us
2024-04-09T00:04:05.827Z,-1.585,134.4849,10,5.5,mb,78,90,14.808,0.39,us,us7000mc4q,2024-06-17T02:14:54.040Z,"35 km ESE of Ransiki, Indonesia",earthquake,10.87,1.818,0.072,67,reviewed,us,us
2024-04-09T09:47:59.810Z,2.6982,127.0624,22,6.4,mww,267,23,1.937,0.48,us,us7000maxr,2024-10-09T06:30:56.317Z,"150 km NW of Tobelo, Indonesia",earthquake,6.59,1.763,0.041,58,reviewed,us,us
2024-04-12T15:59:15.269Z,-10.2257,161.0159,20,5.8,mww,84,42,1.311,0.77,us,us7000mbqp,2024-06-17T02:15:16.040Z,"102 km WNW of Kirakira, Solomon Islands",earthquake,7.31,1.822,0.045,47,reviewed,us,us
2024-04-13T05:44:39.593Z,33.5479,81.8672,10,5.5,mww,209,25,6.438,0.59,us,us7000mbuv,2024-06-17T02:15:21.040Z,"western Xizang",earthquake,7.97,1.846,0.066,22,reviewed,us,us
2024-04-14T20:56:28.201Z,-5.8565,151.0953,49,6.5,mww,107,42,5.257,0.81,us,us7000mc2t,2024-06-17T02:15:36.040Z,"111 km ESE of Kimbe, Papua New Guinea",earthquake,7.55,1.938,0.073,18,reviewed,us,us
2024-04-15T22:38:56.828Z,29.4397,131.7622,7.556,5.9,mww,293,30,2.352,0.49,us,us7000mcb1,2024-10-09T09:14:13.409Z,"147 km SE of Koshima, Japan",earthquake,6.25,2.675,0.045,48,reviewed,us,us
2024-04-17T14:14:46.694Z,33.2503,132.3647,32,6.3,mww,386,29,1.351,0.81,us,us7000mcpi,2025-09-08T03:45:15.710Z,"18 km W of Uwajima, Japan",earthquake,4.97,1.826,0.037,69,reviewed,us,us
2024-04-17T21:21:54.614Z,11.1271,-85.3325,154,5.5,mww,256,113,0.85,0.97,us,us7000mcrs,2024-06-25T21:02:56.040Z,"20 km ESE of Cárdenas, Nicaragua",earthquake,6.34,1.818,0.033,87,reviewed,us,us
2024-04-18T15:11:25.596Z,39.9894,35.9451,16,5.6,mww,73,43,1.138,0.6,us,us7000mcxc,2024-10-09T05:18:49.544Z,"11 km W of Sulusaray, Turkey",earthquake,4.99,1.773,0.038,65,reviewed,us,us
2024-04-18T15:12:30.391Z,25.7087,-110.7948,10,5.6,mww,26,197,2.062,0.63,us,us7000mcxe,2024-06-25T21:03:01.040Z,"64 km ESE of Loreto, Mexico",earthquake,8.15,1.965,0.035,78,reviewed,us,us
2024-04-19T09:18:00.874Z,-21.9186,170.8691,87,5.7,mww,193,38,3.245,0.54,us,us7000md3k,2024-06-25T21:03:06.040Z,"southeast of the Loyalty Islands",earthquake,9.49,1.931,0.047,43,reviewed,us,us
2024-04-22T10:50:30.590Z,23.7053,121.6282,10,5.6,mww,97,35,0.435,0.87,us,us7000mdti,2024-10-09T07:40:26.744Z,"30 km S of Hualien City, Taiwan",earthquake,4.25,1.717,0.052,36,reviewed,us,us
2024-04-22T14:11:22.980Z,23.7259,121.5781,8,5.8,mww,121,44,0.42,0.74,us,us7000mduw,2024-10-09T12:01:11.975Z,"27 km S of Hualien City, Taiwan",earthquake,3.45,1.734,0.062,25,reviewed,us,us
2024-04-22T18:26:52.852Z,23.7141,121.6599,9,6.1,mww,119,35,0.462,0.76,us,us6000mt0r,2024-07-02T22:12:10.040Z,"29 km S of Hualien City, Taiwan",earthquake,2.91,1.823,0.059,28,reviewed,us,us
2024-04-22T18:32:48.439Z,23.8586,121.5662,10,6.1,mww,120,22,0.526,0.65,us,us6000mt0s,2024-07-02T22:12:10.040Z,"13 km SSW of Hualien City, Taiwan",earthquake,2.83,1.821,0.065,23,reviewed,us,us
2024-04-22T20:49:57.856Z,23.6539,121.6164,17,5.5,mww,115,67,0.392,0.67,us,us6000mt1n,2024-10-09T08:29:19.633Z,"35 km S of Hualien City, Taiwan",earthquake,3.79,1.757,0.052,36,reviewed,us,us
2024-04-23T00:04:05.246Z,23.7794,121.6664,12,5.8,mww,275,24,0.513,0.72,us,us6000mt3f,2024-10-09T09:43:10.185Z,"22 km SSE of Hualien City, Taiwan",earthquake,3.04,1.663,0.065,23,reviewed,us,us
2024-04-26T18:21:23.639Z,24.1531,121.6724,37.767,5.7,mww,259,22,0.581,0.54,us,us6000mu3y,2024-10-09T09:25:18.674Z,"20 km NNE of Hualien City, Taiwan",earthquake,3.55,3.34,0.05,38,reviewed,us,us
2024-04-26T22:23:36.979Z,-37.0467,78.1694,10,5.8,mww,82,52,0.888,0.55,us,us6000mu57,2024-07-02T22:12:10.040Z,"Mid-Indian Ridge",earthquake,3.65,1.834,0.069,20,reviewed,us,us
2024-04-27T08:35:34.207Z,27.8209,139.6186,496,6.5,mww,217,24,2.392,0.63,us,us6000mu8k,2024-10-09T04:19:09.040Z,"Bonin Islands, Japan region",earthquake,9.42,1.953,0.035,77,reviewed,us,us
2024-04-27T16:29:50.643Z,-8.005,107.2798,59.701,6.1,mww,232,19,0.652,0.64,us,us6000muc0,2025-08-21T09:47:54.702Z,"91 km S of Banjar, Indonesia",earthquake,7.14,3.11,0.044,50,reviewed,us,us
2024-04-30T14:30:39.343Z,-55.7099,-27.0196,11,5.5,mww,255,16,5.635,0.57,us,us6000mv76,2024-07-15T03:58:45.040Z,"South Sandwich Islands region",earthquake,8.87,1.627,0.11,8,reviewed,us,us
2024-05-01T23:45:25.544Z,-5.8025,151.0714,29,5.8,mww,222,20,1.763,0.62,us,us6000mvk5,2024-07-15T03:58:32.040Z,"107 km ESE of Kimbe, Papua New Guinea",earthquake,7.59,1.502,0.052,36,reviewed,us,us
2024-05-02T06:58:00.553Z,52.1554,-169.4615,13.892,5.5,mww,217,134,0.806,0.65,us,us6000mvmi,2026-04-17T21:18:41.657Z,"96 km SSW of Nikolski, Alaska",earthquake,7.68,3.678,0.04,59,reviewed,us,us
2024-05-03T10:16:23.573Z,10.8644,125.3349,10.208,5.7,mww,133,40,3.778,0.78,us,us6000mvya,2024-07-15T03:58:13.040Z,"27 km SSW of Balangiga, Philippines",earthquake,9.06,3.942,0.038,68,reviewed,us,us
2024-05-05T05:44:24.286Z,10.9361,141.3275,45.449,5.5,mww,105,70,4.351,0.65,us,us6000mwf5,2026-04-20T21:18:39.354Z,"156 km NE of Fais, Micronesia",earthquake,9.2,4.751,0.056,31,reviewed,us,us
2024-05-05T07:13:40.018Z,-19.3137,-175.9129,10,5.7,mww,79,66,1.963,0.79,us,us6000mwfi,2024-07-15T03:57:54.040Z,"172 km WNW of Pangai, Tonga",earthquake,8.05,1.853,0.065,23,reviewed,us,us
2024-05-05T18:33:11.021Z,-3.3167,130.9618,16,6.1,mww,101,28,1.344,0.6,us,us6000mwjd,2024-11-10T00:12:54.992Z,"154 km WSW of Fakfak, Indonesia",earthquake,5.17,1.722,0.039,63,reviewed,us,us
2024-05-05T20:37:11.921Z,-3.3053,130.9364,10,5.5,mww,94,33,1.365,0.63,us,us6000mwkd,2024-07-15T03:57:48.040Z,"157 km WSW of Fakfak, Indonesia",earthquake,6.1,1.825,0.063,24,reviewed,us,us
2024-05-06T09:45:30.649Z,23.7213,121.5958,23.605,5.6,mww,121,35,0.427,0.84,us,us6000mwnf,2024-10-09T05:42:06.472Z,"28 km S of Hualien City, Taiwan",earthquake,4.42,1.268,0.065,23,reviewed,us,us
2024-05-07T14:34:58.484Z,-59.4499,-17.9081,10,5.6,mww,92,48,11.39,0.72,us,us6000mwyt,2024-07-20T22:20:02.040Z,"east of the South Sandwich Islands",earthquake,10.1,1.686,0.098,10,reviewed,us,us
2024-05-08T08:17:15.894Z,-15.1324,168.0214,19.175,6.1,mww,110,18,6.456,1.03,us,us6000mx5c,2024-10-09T02:25:02.692Z,"101 km ENE of Luganville, Vanuatu",earthquake,7.33,2.73,0.045,48,reviewed,us,us
2024-05-10T07:45:18.196Z,24.1885,121.9049,11.296,5.8,mww,103,27,0.68,0.77,us,us6000mxpi,2024-10-09T09:33:12.897Z,"38 km NE of Hualien City, Taiwan",earthquake,4.6,3.421,0.054,33,reviewed,us,us
2024-05-10T11:48:41.811Z,-5.1446,151.8374,42,5.6,mww,75,51,5.422,0.8,us,us6000mxpy,2024-07-20T22:20:06.040Z,"100 km SSW of Kokopo, Papua New Guinea",earthquake,6.51,1.9,0.066,22,reviewed,us,us
2024-05-12T11:39:12.718Z,14.4264,-92.4617,61.91,6.4,mww,267,30,0.515,1.05,us,us6000my20,2024-10-08T21:11:23.868Z,"28 km WSW of Brisas Barra de Suchiate, Mexico",earthquake,3.41,3.065,0.029,111,reviewed,us,us
2024-05-12T18:43:22.490Z,-31.4942,-178.4799,40,5.8,mww,91,48,2.277,0.77,us,us6000my4x,2024-10-09T06:14:17.343Z,"Kermadec Islands region",earthquake,8.79,1.917,0.044,50,reviewed,us,us
2024-05-14T15:07:59.923Z,-54.8785,-129.1774,10,5.6,mww,288,27,31.218,0.59,us,us6000myih,2024-07-26T23:58:08.040Z,"Pacific-Antarctic Ridge",earthquake,10.11,1.681,0.098,10,reviewed,us,us
2024-05-14T17:15:48.751Z,-5.6475,150.1558,121.182,5.6,mww,169,20,4.535,0.84,us,us6000myk7,2024-07-26T23:58:08.040Z,"10 km S of Kimbe, Papua New Guinea",earthquake,7.56,3.531,0.047,43,reviewed,us,us
2024-05-15T00:30:11.410Z,19.2698,-67.4235,7,5.6,ml,32,191,0.8609,0.43,pr,pr2024136000,2026-04-30T20:51:07.402Z,"92 km NNW of San Antonio, Puerto Rico",earthquake,1.64,2.009,0.17,18,reviewed,pr,pr
2024-05-17T20:58:26.824Z,-29.1155,-178.5347,191,5.8,mww,216,20,0.545,0.75,us,us6000mzau,2024-10-09T06:42:40.114Z,"Kermadec Islands, New Zealand",earthquake,8.98,1.743,0.041,58,reviewed,us,us
2024-05-18T06:26:09.996Z,3.838,122.9135,524.072,5.5,mww,172,44,3.445,0.75,us,us6000mze2,2024-07-26T23:58:11.040Z,"267 km SSE of Tabiauan, Philippines",earthquake,9.92,5.282,0.066,22,reviewed,us,us
2024-05-18T14:04:43.532Z,-3.8452,152.1304,4,5.7,mww,79,56,5.083,0.89,us,us6000mzgb,2024-07-26T23:58:12.040Z,"39 km N of Rabaul, Papua New Guinea",earthquake,7.48,1.492,0.059,28,reviewed,us,us
2024-05-18T23:57:41.081Z,-55.8986,-123.3012,10,5.9,mww,103,95,29.852,0.68,us,us6000mzjx,2024-07-26T23:58:12.040Z,"southern East Pacific Rise",earthquake,13.72,1.881,0.078,16,reviewed,us,us
2024-05-19T02:31:21.777Z,85.2392,12.0151,10,5.5,mww,116,18,6.364,0.81,us,us6000mzkf,2024-07-26T23:58:12.040Z,"north of Svalbard",earthquake,9.31,1.807,0.046,45,reviewed,us,us
2024-05-19T09:35:24.660Z,52.0681,-170.9122,28,6,mww,305,59,0.944,1.04,us,us6000mzme,2026-05-04T20:49:08.184Z,"169 km SW of Nikolski, Alaska",earthquake,4.73,1.859,0.038,68,reviewed,us,us
2024-05-21T03:35:59.152Z,-6.3098,147.3092,57,5.7,mww,118,15,3.078,0.75,us,us6000mzyf,2024-08-06T02:09:49.040Z,"57 km NE of Lae, Papua New Guinea",earthquake,4.57,1.842,0.065,23,reviewed,us,us
2024-05-23T10:49:59.715Z,5.4521,61.6896,10,5.5,mww,116,36,11.816,0.89,us,us6000n0e7,2024-08-06T02:10:11.040Z,"Carlsberg Ridge",earthquake,10.28,1.77,0.061,26,reviewed,us,us
2024-05-23T11:27:02.721Z,-37.1121,47.7015,10,5.6,mww,128,23,9.813,0.82,us,us6000n0ee,2024-08-06T02:10:11.040Z,"Southwest Indian Ridge",earthquake,7.04,1.486,0.08,15,reviewed,us,us
2024-05-25T22:23:15.997Z,-17.1173,167.8706,22,6.3,mww,280,28,4.815,0.72,us,us6000n102,2024-10-09T04:49:04.635Z,"83 km NW of Port-Vila, Vanuatu",earthquake,8.23,1.836,0.039,64,reviewed,us,us
2024-05-26T20:47:12.057Z,-19.3431,-174.841,137,6.6,mww,190,21,2.026,0.93,us,us6000n158,2024-08-06T02:09:38.040Z,"70 km NW of Fangale’ounga, Tonga",earthquake,8.13,1.893,0.043,53,reviewed,us,us
2024-05-28T11:52:40.252Z,2.8091,95.6066,21,5.7,mww,112,56,2.471,0.69,us,us6000n1gi,2024-08-06T20:32:46.040Z,"93 km WNW of Sinabang, Indonesia",earthquake,7.95,1.884,0.073,18,reviewed,us,us
2024-05-29T17:14:58.129Z,32.3127,137.564,392.698,5.5,mww,173,20,2.036,0.69,us,us7000mnu8,2024-08-06T20:32:47.040Z,"210 km SE of Kushimoto, Japan",earthquake,8.1,3.749,0.051,37,reviewed,us,us
2024-05-31T08:35:01.812Z,-59.5508,-26.274,35.823,5.6,mww,70,68,15.372,0.85,us,us7000mp5r,2024-08-06T20:32:48.040Z,"South Sandwich Islands region",earthquake,10.33,5.706,0.086,13,reviewed,us,us
2024-05-31T15:46:09.810Z,-43.3059,41.7226,10,6.2,mww,208,16,7.849,0.68,us,us7000mp99,2024-08-06T20:32:48.040Z,"Prince Edward Islands region",earthquake,9.52,1.704,0.048,41,reviewed,us,us
2024-05-31T15:54:40.923Z,-28.9579,-176.8653,16,6.2,mww,175,52,0.972,0.8,us,us7000mp9e,2024-10-09T02:53:15.828Z,"Kermadec Islands region",earthquake,6.75,1.721,0.041,56,reviewed,us,us
2024-06-01T00:46:38.484Z,34.1381,86.3128,20.71,5.9,mww,318,20,6.024,0.52,us,us7000mpe2,2024-08-06T20:32:49.040Z,"western Xizang",earthquake,8.66,3.329,0.08,15,reviewed,us,us
2024-06-02T21:31:39.387Z,37.4476,137.2681,9,5.7,mww,319,37,1.171,0.53,us,us7000mppu,2024-10-08T23:30:45.559Z,"40 km NE of Anamizu, Japan",earthquake,4.91,1.689,0.044,50,reviewed,us,us
2024-06-03T06:41:51.470Z,29.6352,-42.82,10,5.9,mww,172,52,16.502,0.39,us,us7000mpxd,2024-08-16T21:59:22.040Z,"northern Mid-Atlantic Ridge",earthquake,9.61,1.862,0.036,74,reviewed,us,us
2024-06-04T10:00:03.919Z,-17.9343,-178.5016,603.306,5.5,mww,133,64,2.497,0.71,us,us7000mq7x,2024-08-16T21:59:18.040Z,"231 km E of Levuka, Fiji",earthquake,10.81,4.352,0.069,20,reviewed,us,us
2024-06-04T18:32:59.847Z,-37.329,-94.6408,10,5.5,mww,41,67,16.044,1,us,us7000mqbs,2024-08-16T21:59:26.040Z,"West Chile Rise",earthquake,13.67,1.779,0.05,39,reviewed,us,us
2024-06-05T02:20:27.145Z,-3.6756,100.6221,19,5.5,mww,122,35,2.425,0.54,us,us7000mqdw,2024-08-16T21:59:21.040Z,"183 km W of Bengkulu, Indonesia",earthquake,7.46,1.695,0.075,17,reviewed,us,us
2024-06-05T10:39:15.098Z,-59.669,-29.5886,10.741,5.5,mww,67,69,6.583,0.67,us,us7000mqgh,2024-08-16T21:59:24.040Z,"South Sandwich Islands region",earthquake,11.26,4.784,0.073,18,reviewed,us,us
2024-06-06T11:07:53.351Z,50.1126,147.684,619.618,5.9,mww,141,29,4.522,0.69,us,us7000mqp4,2024-08-16T21:59:23.040Z,"Sea of Okhotsk",earthquake,7.44,2.918,0.038,66,reviewed,us,us
2024-06-06T22:58:44.778Z,-55.2762,-29.1789,35,5.7,mww,101,22,4.347,0.53,us,us7000mqtv,2024-08-16T21:59:24.040Z,"South Sandwich Islands region",earthquake,8.42,1.747,0.093,11,reviewed,us,us
2024-06-09T09:48:03.746Z,-54.4006,-133.0913,10,5.7,mwb,42,94,31.296,0.85,us,us7000mrbq,2024-08-16T21:59:22.040Z,"Pacific-Antarctic Ridge",earthquake,13.08,1.887,0.04,59,reviewed,us,us
2024-06-09T09:55:49.381Z,-53.8559,-133.9509,10,6.2,mww,91,58,29.452,0.61,us,us7000mrbr,2025-09-26T02:34:20.453Z,"Pacific-Antarctic Ridge",earthquake,7.38,1.769,0.062,25,reviewed,us,us
2024-06-09T16:28:38.228Z,-5.4569,154.0688,125,5.7,mww,120,36,7.044,0.82,us,us7000mrdc,2024-08-16T21:59:17.040Z,"183 km WNW of Panguna, Papua New Guinea",earthquake,8.92,1.888,0.043,53,reviewed,us,us
2024-06-12T02:25:55.624Z,8.3358,-103.3322,10,5.7,mww,96,67,10.278,0.56,us,us7000mrv4,2024-08-23T18:03:28.040Z,"northern East Pacific Rise",earthquake,10.09,1.835,0.045,48,reviewed,us,us
2024-06-12T17:01:20.867Z,4.3762,126.4544,39,5.8,mww,218,23,2.814,0.61,us,us7000mrz8,2024-08-23T18:03:36.040Z,"158 km SE of Sarangani, Philippines",earthquake,5.77,1.702,0.052,35,reviewed,us,us
2024-06-14T04:26:48.660Z,-30.9404,-13.4721,10,5.9,mww,111,30,6.187,0.85,us,us7000msb0,2024-08-23T18:03:54.040Z,"southern Mid-Atlantic Ridge",earthquake,9.59,1.734,0.05,39,reviewed,us,us
2024-06-14T09:51:55.823Z,-31.1899,-13.3185,10,5.9,mww,250,52,5.922,0.57,us,us7000msc3,2024-08-23T18:03:57.040Z,"southern Mid-Atlantic Ridge",earthquake,4.1,1.821,0.086,13,reviewed,us,us
2024-06-15T13:08:14.671Z,3.1837,127.2673,45.789,5.6,mww,119,35,2.398,0.92,us,us7000msn7,2024-08-23T18:04:13.040Z,"180 km NNW of Tobelo, Indonesia",earthquake,7.12,4.12,0.078,16,reviewed,us,us
2024-06-15T18:38:03.676Z,-40.5687,78.1155,10,5.5,mww,131,27,10.409,0.72,us,us7000mspm,2024-08-23T18:04:18.040Z,"Mid-Indian Ridge",earthquake,9.5,1.723,0.073,18,reviewed,us,us
2024-06-16T00:27:56.629Z,-60.9499,154.3353,7.727,6,mww,70,96,6.921,1,us,us7000msqt,2024-08-23T18:04:20.040Z,"west of Macquarie Island",earthquake,10.62,3.716,0.049,40,reviewed,us,us
2024-06-16T14:47:33.155Z,-15.8557,-74.4353,27,6,mww,115,65,4.499,0.93,us,us7000mstj,2024-08-23T18:04:31.040Z,"10 km SW of Atiquipa, Peru",earthquake,8.49,1.812,0.053,34,reviewed,us,us
2024-06-17T14:05:10.679Z,-19.0015,-172.7677,7,5.6,mww,159,55,2.688,0.93,us,us7000mt0e,2024-08-30T18:17:09.040Z,"133 km ESE of Neiafu, Tonga",earthquake,9.72,1.767,0.08,15,reviewed,us,us
2024-06-17T14:09:45.151Z,-11.4519,166.2329,57,5.6,mww,166,16,6.498,0.6,us,us7000mt0h,2024-08-30T18:17:09.040Z,"93 km SSE of Lata, Solomon Islands",earthquake,9.19,1.866,0.066,22,reviewed,us,us
2024-06-18T02:22:10.098Z,-3.8928,-76.671,106.228,5.5,mww,154,33,2.741,0.54,us,us7000mt41,2024-08-30T18:17:09.040Z,"53 km SSW of Alianza Cristiana, Peru",earthquake,7.83,3.247,0.034,83,reviewed,us,us
2024-06-18T06:40:41.318Z,-16.5443,-173.5952,87,5.8,mww,95,50,3.151,1.07,us,us7000mt4l,2024-08-30T18:17:09.040Z,"68 km SSE of Hihifo, Tonga",earthquake,8.07,1.863,0.056,31,reviewed,us,us
2024-06-21T20:53:09.775Z,0.769,-26.1428,10,5.5,mww,137,25,11.742,0.68,us,us7000mtur,2024-08-30T18:17:07.040Z,"central Mid-Atlantic Ridge",earthquake,9.24,1.799,0.046,46,reviewed,us,us
2024-06-23T03:57:58.918Z,10.6921,-62.6868,77,6,mww,124,36,1.753,1.09,us,us7000mu1p,2026-06-25T14:35:53.926Z,"20 km NE of Yaguaraparo, Venezuela",earthquake,8.23,1.891,0.035,78,reviewed,us,us
2024-06-24T08:03:37.383Z,-14.6255,167.2426,149,6.3,mww,209,32,6.532,0.46,us,us7000mu8s,2024-10-08T23:22:11.860Z,"49 km NNE of Port-Olry, Vanuatu",earthquake,6.07,1.925,0.033,90,reviewed,us,us
2024-06-26T01:24:13.616Z,8.0633,90.4103,10,5.6,mww,124,35,7.077,0.51,us,us6000n877,2024-09-04T21:57:41.040Z,"Nicobar Islands, India region",earthquake,4.75,1.706,0.066,22,reviewed,us,us
2024-06-27T16:37:51.299Z,-33.4081,-179.2724,29,5.9,mww,95,56,4.292,1.05,us,us6000n8nu,2024-09-04T21:57:42.040Z,"south of the Kermadec Islands",earthquake,9.43,1.789,0.048,42,reviewed,us,us
2024-06-28T05:36:36.902Z,-15.8277,-74.454,24,7.2,mww,105,46,4.675,0.93,us,us6000n8tq,2025-02-09T14:16:45.954Z,"10 km WSW of Atiquipa, Peru",earthquake,8.89,1.881,0.041,56,reviewed,us,us
2024-06-28T13:00:39.570Z,-20.649,-175.6315,10,5.7,mww,75,38,0.654,0.65,us,us6000n8vk,2024-10-09T03:15:27.209Z,"67 km NNW of Houma, Tonga",earthquake,6.56,1.775,0.069,20,reviewed,us,us
2024-06-29T07:05:32.855Z,-16.0485,-74.556,18,6.1,mww,138,89,4.606,0.71,us,us6000n948,2024-09-04T21:57:44.040Z,"34 km SW of Atiquipa, Peru",earthquake,7.96,1.856,0.059,28,reviewed,us,us
2024-06-29T16:38:46.516Z,-54.0633,7.2302,10,5.6,mww,209,16,18.209,0.88,us,us6000n96v,2024-09-04T21:57:44.040Z,"Bouvet Island region",earthquake,8.89,1.193,0.086,13,reviewed,us,us
2024-07-04T16:15:08.888Z,48.6536,-129.0074,10,5.7,mww,84,76,0.733,1.02,us,us7000mx3m,2024-10-09T00:10:28.889Z,"233 km WSW of Tofino, Canada",earthquake,5.13,1.433,0.035,78,reviewed,us,us
2024-07-06T10:29:30.724Z,19.2455,121.2112,15,5.5,mww,96,81,3.556,0.85,us,us7000mxek,2024-09-12T21:52:29.040Z,"70 km N of Namuac, Philippines",earthquake,8.35,1.773,0.056,31,reviewed,us,us
2024-07-07T11:55:34.116Z,55.5772,162.1534,53,5.5,mww,161,71,3.28,0.76,us,us7000mxl6,2024-09-12T21:52:30.040Z,"75 km SSW of Ust’-Kamchatsk Staryy, Russia",earthquake,7.63,1.928,0.056,31,reviewed,us,us
2024-07-07T20:01:12.295Z,26.8957,138.8289,546,6.2,mww,158,32,3,0.82,us,us7000mxmu,2024-10-09T00:27:25.515Z,"Bonin Islands, Japan region",earthquake,8.5,1.93,0.034,84,reviewed,us,us
2024-07-07T20:15:49.810Z,55.6433,162.0058,74.037,5.5,mb,119,55,3.279,0.7,us,us7000mxmx,2024-09-12T21:52:30.040Z,"71 km SSW of Ust’-Kamchatsk Staryy, Russia",earthquake,5.85,5.33,0.019,954,reviewed,us,us
2024-07-10T04:55:41.780Z,-53.3092,25.3481,4,6.6,mww,107,23,18.352,0.76,us,us7000my76,2024-09-20T16:00:53.040Z,"south of Africa",earthquake,8.92,1.712,0.05,38,reviewed,us,us
2024-07-11T02:13:18.585Z,6.0838,123.1503,639.503,7.1,mww,401,17,2.604,0.84,us,us7000myfa,2024-10-08T21:28:11.485Z,"106 km WSW of Sangay, Philippines",earthquake,8.06,4.43,0.055,32,reviewed,us,us
2024-07-11T15:08:47.169Z,48.7877,-128.7103,10,6.4,mww,149,60,0.904,0.88,us,us7000mykj,2026-06-26T20:49:01.098Z,"209 km WSW of Tofino, Canada",earthquake,4.64,1.34,0.041,58,reviewed,us,us
2024-07-12T00:19:41.661Z,-4.6345,-104.8692,10,5.8,mww,89,57,14.489,0.49,us,us7000myqk,2024-09-20T16:00:54.040Z,"central East Pacific Rise",earthquake,9.05,1.799,0.047,43,reviewed,us,us
2024-07-12T09:30:31.763Z,-15.5516,-74.8003,23,5.8,mww,222,120,4.06,0.45,us,us7000mytc,2024-09-20T16:00:54.040Z,"24 km SW of Acarí, Peru",earthquake,8.11,1.873,0.062,25,reviewed,us,us
2024-07-12T17:12:49.025Z,-3.8172,151.3842,11.332,5.5,mww,168,27,0.788,0.62,us,us7000myx6,2024-09-20T16:00:55.040Z,"96 km WNW of Rabaul, Papua New Guinea",earthquake,5.45,3.074,0.057,30,reviewed,us,us
2024-07-12T18:19:05.478Z,-17.375,-69.4062,176,5.6,mww,301,31,0.225,0.78,us,us7000myxn,2024-10-08T21:28:10.617Z,"67 km E of Tarata, Peru",earthquake,6.79,1.795,0.042,54,reviewed,us,us
2024-07-13T17:51:08.445Z,-27.7665,-176.6464,29.339,5.6,mww,175,57,1.856,0.76,us,us7000mz34,2024-10-08T22:36:48.803Z,"Kermadec Islands region",earthquake,7.44,3.301,0.065,23,reviewed,us,us
2024-07-15T17:40:18.678Z,-16.3707,-172.5116,9,5.7,mww,77,43,2.547,1.13,us,us7000mzel,2024-10-08T23:54:51.346Z,"144 km ESE of Hihifo, Tonga",earthquake,8.82,1.844,0.068,21,reviewed,us,us
2024-07-18T11:07:34.561Z,33.578,140.3234,91,5.6,mww,157,30,0.628,1.17,us,us7000mzzc,2024-09-28T22:42:19.040Z,"161 km SSE of Tateyama, Japan",earthquake,5.58,1.824,0.042,54,reviewed,us,us
2024-07-19T01:50:48.571Z,-23.0791,-67.8404,127.291,7.4,mww,119,19,0.336,1.06,us,us7000n05d,2025-09-25T18:56:47.009Z,"41 km ESE of San Pedro de Atacama, Chile",earthquake,7.08,3.027,0.026,144,reviewed,us,us
2024-07-19T03:13:47.417Z,52.0859,-170.9116,40.972,6,mwr,147,59,0.93,0.76,us,us7000n068,2024-10-08T17:53:38.992Z,"168 km SW of Nikolski, Alaska",earthquake,5.87,4.56,0.052,36,reviewed,us,us
2024-07-21T02:53:48.910Z,14.6445,-89.9316,272,6.2,mww,138,29,0.56,1.04,us,us7000n0ka,2024-10-08T16:17:55.257Z,"6 km E of Jalapa, Guatemala",earthquake,7.64,1.867,0.025,155,reviewed,us,us
2024-07-22T00:09:33.423Z,-19.2322,169.5925,242,5.5,mww,273,20,3.916,0.78,us,us7000n0qt,2024-10-08T21:49:16.005Z,"47 km NE of Isangel, Vanuatu",earthquake,9.45,1.85,0.068,21,reviewed,us,us
2024-07-22T05:04:27.743Z,-15.5073,168.1241,4,6.1,mww,196,26,6.203,0.54,us,us7000n0s8,2024-10-08T21:49:16.005Z,"99 km NE of Norsup, Vanuatu",earthquake,7.46,1.834,0.039,63,reviewed,us,us
2024-07-22T19:19:35.070Z,8.22,-82.8075,7,5.7,mww,145,110,0.541,0.86,us,us6000nejp,2025-03-21T15:10:29.125Z,"8 km SE of Puerto Armuelles, Panama",earthquake,5.34,1.841,0.048,41,reviewed,us,us
2024-07-22T20:17:54.414Z,8.2256,-82.7686,7,5.6,mww,139,108,0.575,0.99,us,us6000nekb,2024-10-08T21:49:10.005Z,"11 km ESE of Puerto Armuelles, Panama",earthquake,6.31,1.857,0.037,70,reviewed,us,us
2024-07-25T06:21:52.873Z,-29.9482,-177.0884,10,5.7,mww,139,68,0.996,0.52,us,us6000nfjw,2024-10-08T21:49:12.005Z,"Kermadec Islands, New Zealand",earthquake,7.3,1.518,0.069,20,reviewed,us,us
2024-07-25T15:05:20.625Z,-60.7956,-25.3696,10,5.6,mww,90,45,8.842,0.8,us,us6000nfpd,2024-10-08T21:49:12.005Z,"South Sandwich Islands region",earthquake,10.16,1.736,0.089,12,reviewed,us,us
2024-07-25T20:32:17.453Z,-7.3691,128.681,144.012,5.5,mww,121,18,5.671,0.73,us,us6000nfw2,2024-10-08T21:49:12.005Z,"225 km NE of Lospalos, Timor Leste",earthquake,8.1,3.747,0.05,38,reviewed,us,us
2024-07-29T12:11:12.769Z,-17.5624,-178.4551,581,5.7,mww,132,43,3.334,0.62,us,us6000ngn7,2024-10-11T19:39:06.040Z,"242 km ENE of Levuka, Fiji",earthquake,6.05,1.966,0.068,21,reviewed,us,us
2024-07-29T13:07:11.966Z,-20.3812,-173.9806,9,6,mww,173,43,1.347,0.61,us,us6000ngng,2024-10-11T19:39:06.040Z,"73 km SSE of Pangai, Tonga",earthquake,9.34,1.747,0.073,18,reviewed,us,us
2024-07-31T15:18:03.258Z,-17.6696,179.9548,606.211,5.7,mww,291,42,1.815,0.84,us,us6000nh4g,2024-10-11T19:39:07.040Z,"80 km ENE of Levuka, Fiji",earthquake,10.06,3.735,0.068,21,reviewed,us,us
2024-08-01T10:03:14.236Z,54.1057,-159.6959,15.33,5.6,mww,143,46,1.326,0.74,us,us6000nhbe,2025-07-17T10:13:21.405Z,"146 km SSE of Sand Point, Alaska",earthquake,5.52,3.068,0.049,40,reviewed,us,us
2024-08-02T22:23:02.111Z,8.1851,126.6161,32,6.8,mww,259,18,1.511,0.69,us,us6000nhqc,2025-08-16T04:52:05.408Z,"20 km E of Barcelona, Philippines",earthquake,7.5,1.761,0.048,42,reviewed,us,us
2024-08-03T04:20:26.565Z,8.2038,126.8354,15,6.3,mww,134,25,1.679,0.97,us,us6000nht0,2025-07-28T19:43:31.223Z,"44 km E of Barcelona, Philippines",earthquake,7.54,1.761,0.05,39,reviewed,us,us
2024-08-04T05:43:04.371Z,-0.1588,-18.3132,10,5.5,mww,94,44,8.669,0.7,us,us6000ni0g,2024-10-11T19:39:10.040Z,"central Mid-Atlantic Ridge",earthquake,10.31,1.834,0.06,27,reviewed,us,us
2024-08-06T21:22:49.954Z,-24.3743,-177.6541,209,5.6,mww,147,86,3.884,0.72,us,us6000nifm,2024-10-24T17:56:47.040Z,"south of the Fiji Islands",earthquake,7,1.915,0.071,19,reviewed,us,us
2024-08-08T07:42:55.206Z,31.7599,131.5021,24,7.1,mww,252,34,5.748,0.74,us,us6000nith,2025-09-08T03:47:56.356Z,"2024 Hyuganada Sea, Japan Earthquake",earthquake,6.71,1.855,0.031,99,reviewed,us,us
2024-08-09T11:10:45.667Z,-21.6492,-179.3848,586.845,5.6,mww,116,24,3.925,0.82,us,us6000nj27,2024-10-24T17:57:44.040Z,"Fiji region",earthquake,9.6,5.299,0.075,17,reviewed,us,us
2024-08-09T12:23:01.921Z,-30.3896,-177.6027,32,5.9,mww,83,69,1.157,1.04,us,us6000nj2k,2024-10-24T17:57:45.040Z,"Kermadec Islands, New Zealand",earthquake,8.42,1.886,0.051,37,reviewed,us,us
2024-08-10T03:28:32.681Z,47.223,144.7915,402.166,6.5,mww,157,17,1.405,0.75,us,us6000nj9s,2024-10-24T17:57:54.040Z,"151 km E of Dolinsk, Russia",earthquake,7.67,3.081,0.053,34,reviewed,us,us
2024-08-15T23:35:53.943Z,23.7491,121.7669,14,6.1,mww,146,17,0.451,0.61,us,us7000n7b8,2025-12-19T02:48:37.626Z,"30 km SSE of Hualien City, Taiwan",earthquake,3.34,1.036,0.045,48,reviewed,us,us
2024-08-17T03:29:16.209Z,-21.8305,-176.201,122.641,5.5,mww,102,44,1.243,0.95,us,us7000n7kb,2024-10-26T15:49:10.040Z,"118 km SW of Houma, Tonga",earthquake,8.85,4.106,0.073,18,reviewed,us,us
2024-08-17T19:10:26.820Z,52.9308,160.1331,29,7,mww,146,63,0.902,0.99,us,us7000n7n8,2025-09-18T19:56:54.995Z,"102 km E of Petropavlovsk-Kamchatsky, Russia",earthquake,6.98,1.868,0.03,105,reviewed,us,us
2024-08-19T03:39:01.072Z,12.7182,124.7335,48,5.7,mww,111,47,5.674,0.67,us,us7000n7v7,2024-11-02T21:28:22.040Z,"21 km NNW of Bugko, Philippines",earthquake,8.95,1.887,0.06,27,reviewed,us,us
2024-08-21T06:55:18.368Z,-22.1451,-65.8771,258.194,5.5,mww,118,36,2.113,0.94,us,us7000n8ey,2024-11-02T21:27:45.040Z,"29 km W of La Quiaca, Argentina",earthquake,6.82,4.128,0.048,42,reviewed,us,us
2024-08-21T23:30:34.769Z,52.8825,160.1271,30,5.5,mww,285,66,0.905,0.55,us,us7000n8ki,2024-11-02T21:28:41.040Z,"102 km ESE of Petropavlovsk-Kamchatsky, Russia",earthquake,7.81,1.782,0.066,22,reviewed,us,us
2024-08-23T04:45:17.719Z,-53.0211,21.0651,10,5.5,mww,53,52,20.63,0.9,us,us7000n8wr,2024-11-02T21:28:52.040Z,"south of Africa",earthquake,12.89,1.81,0.093,11,reviewed,us,us
2024-08-25T23:29:07.544Z,-19.8125,-175.0711,96,6.9,mww,276,13,1.56,0.53,us,us7000n9dt,2024-11-02T21:29:06.040Z,"75 km W of Pangai, Tonga",earthquake,9.43,1.841,0.033,86,reviewed,us,us
2024-08-25T23:30:51.981Z,-19.7667,-174.9814,99.28,6,mb,111,62,1.602,0.61,us,us7000n9dz,2024-11-02T21:29:07.040Z,"65 km W of Pangai, Tonga",earthquake,10.02,6.617,0.058,111,reviewed,us,us
2024-08-26T05:08:44.183Z,7.4653,-82.2687,10,5.8,mww,262,123,1.402,0.73,us,us7000n9fn,2024-11-09T21:19:13.040Z,"83 km S of Boca Chica, Panama",earthquake,6.38,1.821,0.052,36,reviewed,us,us
2024-08-27T02:15:18.032Z,-7.1565,129.4461,78,5.8,mww,99,17,2.656,0.81,us,us6000nmzd,2024-11-09T21:18:26.040Z,"Kepulauan Babar, Indonesia",earthquake,8.75,1.871,0.073,18,reviewed,us,us
2024-08-28T21:57:54.957Z,13.0471,-89.583,26.358,6.1,mww,224,33,0.617,0.97,us,us6000nncs,2026-03-26T17:41:18.043Z,"56 km SSW of La Libertad, El Salvador",earthquake,5.91,3.155,0.037,72,reviewed,us,us
2024-08-30T04:24:22.983Z,53.0016,160.3787,26,6,mww,117,60,1.045,1.2,us,us6000nnlx,2024-11-09T21:18:45.040Z,"117 km E of Petropavlovsk-Kamchatsky, Russia",earthquake,7.91,1.823,0.047,44,reviewed,us,us
2024-08-30T09:32:22.858Z,53.015,-33.1749,10,5.6,mww,210,34,10.518,0.5,us,us6000nnn3,2024-11-09T21:18:46.040Z,"Reykjanes Ridge",earthquake,9.47,1.832,0.04,59,reviewed,us,us
2024-09-01T20:13:34.201Z,-6.8295,155.5297,39,6.4,mww,111,34,5.084,0.72,us,us6000np3z,2024-11-09T21:19:03.040Z,"56 km S of Panguna, Papua New Guinea",earthquake,8.15,1.941,0.031,103,reviewed,us,us
2024-09-05T01:03:15.672Z,-3.5428,144.1953,7,6.2,mww,91,77,3.5,0.97,us,us6000nps8,2024-11-15T16:19:55.040Z,"59 km NNE of Angoram, Papua New Guinea",earthquake,7.6,1.85,0.047,44,reviewed,us,us
2024-09-05T10:38:27.509Z,-19.1241,-67.3092,239,5.7,mww,114,19,1.86,1.16,us,us6000npu5,2024-11-15T16:19:56.040Z,"61 km WSW of Challapata, Bolivia",earthquake,6.6,1.855,0.046,46,reviewed,us,us
2024-09-05T18:12:40.376Z,52.6274,-34.3303,10,5.5,mww,118,73,10.468,0.67,us,us6000npwm,2024-11-15T16:19:57.040Z,"Reykjanes Ridge",earthquake,9.37,1.862,0.048,41,reviewed,us,us
2024-09-06T10:12:58.767Z,-28.6734,-69.6082,123,5.7,mww,170,38,1.016,0.68,us,us6000nq0y,2024-11-15T16:19:59.040Z,"113 km E of Vallenar, Chile",earthquake,6.36,1.928,0.056,31,reviewed,us,us
2024-09-07T22:39:08.385Z,-21.3109,-173.822,10,5.8,mww,406,36,1.06,0.65,us,us6000nqd8,2024-11-15T16:20:05.040Z,"117 km E of ‘Ohonua, Tonga",earthquake,7.19,1.801,0.058,29,reviewed,us,us
2024-09-10T23:50:39.182Z,-55.8712,-26.174,10,5.7,mb,102,47,6.134,0.84,us,us7000ncz6,2024-11-21T22:58:55.040Z,"South Sandwich Islands region",earthquake,10.48,1.856,0.06,99,reviewed,us,us
2024-09-11T16:46:05.054Z,-3.2871,146.4088,8,6.3,mww,145,79,1.562,1.21,us,us7000nd4f,2024-11-21T22:58:55.040Z,"168 km SW of Lorengau, Papua New Guinea",earthquake,7.41,1.799,0.047,43,reviewed,us,us
2024-09-11T18:17:57.734Z,-15.2845,168.2762,12,5.7,mww,160,50,6.469,0.98,us,us7000nd4s,2024-11-21T22:58:55.040Z,"122 km ENE of Luganville, Vanuatu",earthquake,5.81,1.56,0.056,31,reviewed,us,us
2024-09-11T19:22:55.878Z,-15.257,168.0658,18.766,5.8,mww,114,26,6.376,0.86,us,us7000nd53,2024-11-21T22:58:55.040Z,"101 km ENE of Luganville, Vanuatu",earthquake,10.11,3.422,0.048,42,reviewed,us,us
2024-09-13T23:03:41.334Z,29.8106,130.9208,30,5.7,mww,307,18,1.741,0.5,us,us7000ndp6,2024-11-21T22:58:56.040Z,"59 km SE of Koshima, Japan",earthquake,6.41,1.752,0.066,22,reviewed,us,us
2024-09-14T11:41:32.385Z,13.0307,144.2535,10,5.5,mww,68,59,0.816,0.82,us,us7000ndsf,2026-08-30T14:02:02.888Z,"52 km WSW of Merizo Village, Guam",earthquake,7.91,1.856,0.056,31,reviewed,us,us
2024-09-15T13:08:08.287Z,1.3429,118.4805,6.526,5.5,mww,91,58,2.312,0.83,us,us7000ne1t,2024-11-21T22:58:58.040Z,"173 km NE of Bontang, Indonesia",earthquake,6.47,3.116,0.052,35,reviewed,us,us
2024-09-15T22:22:48.018Z,51.6088,-130.6121,3.766,6.5,mww,172,40,0.775,0.58,us,us7000ne51,2024-11-21T22:58:58.040Z,"271 km WNW of Port McNeill, Canada",earthquake,4.9,3.358,0.025,150,reviewed,us,us
2024-09-16T11:36:34.522Z,17.1539,147.2254,31,6.3,mww,134,33,2.35,1.11,us,us7000ne84,2026-09-01T14:02:02.880Z,"266 km NE of Saipan, Northern Mariana Islands",earthquake,8.58,1.878,0.043,52,reviewed,us,us
2024-09-16T14:13:46.241Z,31.6079,131.8109,10.257,5.5,mww,120,57,1.164,1.2,us,us7000ne8y,2024-11-23T23:27:17.040Z,"42 km E of Nichinan, Japan",earthquake,5.78,3.425,0.11,8,reviewed,us,us
2024-09-18T11:53:53.855Z,-27.4225,-176.6924,17,5.7,mww,79,66,2.118,0.75,us,us6000nsve,2024-11-23T23:25:51.040Z,"Kermadec Islands region",earthquake,11.4,1.849,0.071,19,reviewed,us,us
2024-09-19T08:41:00.921Z,-5.5707,147.4561,192.506,5.5,mww,139,47,3.505,0.65,us,us6000nt0l,2024-11-23T23:26:01.040Z,"117 km NNW of Finschhafen, Papua New Guinea",earthquake,8.52,6.614,0.05,38,reviewed,us,us
2024-09-21T02:32:17.107Z,-29.064,-176.4824,9,5.6,mww,59,51,1.273,1.23,us,us6000ntf1,2024-11-23T23:26:31.040Z,"Kermadec Islands region",earthquake,9.67,1.822,0.062,25,reviewed,us,us
2024-09-21T21:24:28.737Z,-31.8909,-66.887,141,6,mww,340,41,1.57,0.84,us,us6000ntjh,2024-11-23T23:26:40.040Z,"95 km NNW of Villa General Roca, Argentina",earthquake,8.32,1.904,0.05,38,reviewed,us,us
2024-09-23T19:51:02.568Z,-0.0469,122.8918,143,6,mww,128,21,0.996,1.01,us,us6000ntxc,2024-12-06T19:30:12.040Z,"67 km SSW of Gorontalo, Indonesia",earthquake,6.36,1.785,0.037,72,reviewed,us,us
2024-09-23T23:14:20.196Z,31.5066,140.0417,19.112,5.6,mww,204,35,1.615,0.6,us,us6000ntz9,2024-12-06T19:30:13.040Z,"Izu Islands, Japan region",earthquake,7.13,3.565,0.039,62,reviewed,us,us
2024-09-26T07:01:09.508Z,42.8235,145.0928,50,5.5,mww,240,83,1.645,0.55,us,us7000ngi1,2024-12-06T19:30:15.040Z,"30 km SE of Akkeshi, Japan",earthquake,6.73,1.72,0.071,19,reviewed,us,us
2024-09-26T19:19:28.664Z,-17.199,66.5336,10,6.3,mww,105,29,3.934,0.84,us,us7000ngmr,2024-12-06T19:30:16.040Z,"Mauritius - Reunion region",earthquake,8.08,1.805,0.041,56,reviewed,us,us
2024-09-30T12:21:58.340Z,53.0161,160.2468,30,5.9,mww,103,76,0.965,0.96,us,us7000nh82,2024-12-14T14:50:48.040Z,"108 km E of Petropavlovsk-Kamchatsky, Russia",earthquake,7.44,1.875,0.041,56,reviewed,us,us
2024-10-01T09:28:05.313Z,-5.9828,124.8988,576,6.1,mww,213,23,3.73,0.5,us,us7000nhex,2024-12-14T14:50:55.040Z,"260 km ESE of Baubau, Indonesia",earthquake,9.16,1.954,0.04,61,reviewed,us,us
2024-10-01T20:05:34.967Z,-19.2886,-173.0007,10,6.6,mww,114,23,2.772,0.71,us,us7000nhjw,2024-12-14T14:50:58.040Z,"125 km SE of Neiafu, Tonga",earthquake,10.41,1.723,0.035,77,reviewed,us,us
2024-10-01T21:19:49.760Z,14.1621,124.8171,10,5.9,mww,236,24,7.088,0.74,us,us7000nhk8,2024-12-14T14:50:58.040Z,"62 km NE of Gigmoto, Philippines",earthquake,7.97,1.825,0.046,46,reviewed,us,us
2024-10-06T21:52:58.610Z,-13.5989,-111.3046,10,5.6,mww,157,110,13.585,0.53,us,us6000nwyj,2024-12-14T14:50:45.040Z,"central East Pacific Rise",earthquake,12.06,1.875,0.073,18,reviewed,us,us
2024-10-07T23:59:05.581Z,-33.4502,-178.6412,13,5.8,mww,154,52,4.221,0.77,us,us6000nx6d,2024-12-23T15:45:56.040Z,"south of the Kermadec Islands",earthquake,9.03,1.741,0.071,19,reviewed,us,us
2024-10-08T00:35:35.956Z,-36.2933,-99.1831,10,5.7,mww,161,63,12.569,0.61,us,us6000nx6t,2024-12-23T15:45:56.040Z,"southeast of Easter Island",earthquake,11.11,1.804,0.043,53,reviewed,us,us
2024-10-12T17:43:44.516Z,10.4967,-86.1497,16,6.2,mww,221,32,0.889,0.84,us,us6000nyau,2025-02-18T21:22:42.038Z,"40 km WNW of Tamarindo, Costa Rica",earthquake,5.62,1.477,0.03,110,reviewed,us,us
2024-10-13T22:48:34.118Z,-36.1163,-100.6909,10,5.5,mww,155,48,11.594,0.62,us,us6000nyhx,2024-12-23T15:47:29.040Z,"southeast of Easter Island",earthquake,11.26,1.782,0.051,37,reviewed,us,us
2024-10-16T07:46:32.516Z,38.3115,38.8059,10,6,mww,138,39,0.399,0.8,us,us6000nyzk,2024-12-26T23:03:59.040Z,"19 km W of Doğanyol, Turkey",earthquake,4.08,1.773,0.042,55,reviewed,us,us
2024-10-16T18:56:51.147Z,36.5224,70.5681,205,5.9,mww,134,29,1.962,1.01,us,us6000nz5n,2024-12-26T23:03:32.040Z,"44 km SSW of Jurm, Afghanistan",earthquake,7.46,1.887,0.038,66,reviewed,us,us
2024-10-16T19:40:58.409Z,18.5195,-106.9505,10,5.9,mww,146,55,5.527,1.16,us,us6000nz5z,2024-12-26T23:04:01.040Z,"225 km SW of José María Morelos, Mexico",earthquake,9.55,1.825,0.052,36,reviewed,us,us
2024-10-17T05:37:32.887Z,-27.8826,-176.2657,12,5.6,mww,77,71,1.996,0.53,us,us6000nz9e,2024-12-26T23:03:54.040Z,"Kermadec Islands region",earthquake,10.67,1.865,0.053,34,reviewed,us,us
2024-10-20T12:31:07.587Z,-21.8931,-179.5015,591.313,5.5,mww,75,58,4.725,0.65,us,us6000nzvu,2024-12-26T23:03:29.040Z,"Fiji region",earthquake,11.03,7.534,0.068,21,reviewed,us,us
2024-10-20T22:59:40.922Z,-30.8831,-68.7676,109,5.7,mww,219,26,0.664,0.71,us,us6000nzxj,2024-12-26T23:03:38.040Z,"65 km NNW of Albardón, Argentina",earthquake,6.11,1.845,0.032,95,reviewed,us,us
2024-10-21T03:24:16.301Z,-1.1774,127.4529,16,5.8,mww,110,26,1.938,0.75,us,us6000nzyn,2025-01-04T23:07:17.040Z,"61 km S of Labuha, Indonesia",earthquake,6.08,1.748,0.055,32,reviewed,us,us
2024-10-21T06:32:35.236Z,-1.177,127.3252,10,5.6,mww,160,48,1.936,0.31,us,us6000p000,2025-01-04T23:07:20.040Z,"63 km SSW of Labuha, Indonesia",earthquake,6.78,1.835,0.066,22,reviewed,us,us
2024-10-22T15:45:37.516Z,-23.872,-179.6709,462.72,5.5,mww,108,73,5.574,0.5,us,us7000nmg9,2025-01-04T23:07:31.040Z,"south of the Fiji Islands",earthquake,10.57,5.99,0.073,18,reviewed,us,us
2024-10-23T14:38:04.614Z,49.394,155.6369,40,6.2,mww,277,38,3.938,0.55,us,us7000nmlt,2025-01-04T23:07:43.040Z,"146 km SSW of Severo-Kuril’sk, Russia",earthquake,9.34,1.93,0.037,69,reviewed,us,us
2024-10-24T04:30:51.025Z,-41.935,80.0351,10,5.6,mww,45,52,4.548,0.51,us,us7000nmsy,2025-01-04T23:07:50.040Z,"Mid-Indian Ridge",earthquake,9.39,1.861,0.086,13,reviewed,us,us
2024-10-25T14:01:26.658Z,-19.3134,-172.9614,11,5.7,mww,29,87,2.877,0.7,us,us7000nn5q,2025-01-04T23:08:08.040Z,"130 km SE of Neiafu, Tonga",earthquake,11.83,1.932,0.065,23,reviewed,us,us
2024-10-25T14:46:23.800Z,14.0745,-92.662,17,5.8,mww,119,64,1.116,1.04,us,us7000nn6t,2025-01-04T23:08:09.040Z,"69 km SW of Brisas Barra de Suchiate, Mexico",earthquake,5.81,1.812,0.052,35,reviewed,us,us
2024-10-30T12:18:51.671Z,-4.4064,150.0827,509,6,mww,295,14,2.086,0.58,us,us7000nnz9,2025-01-16T18:45:18.040Z,"126 km N of Kimbe, Papua New Guinea",earthquake,9.25,1.922,0.052,36,reviewed,us,us
2024-10-30T20:15:20.095Z,43.5842,-127.6418,10,6,mww,107,69,2.612,0.75,us,us7000np33,2025-10-30T20:25:28.080Z,"267 km W of Bandon, Oregon",earthquake,7.88,1.809,0.036,73,reviewed,us,us
2024-11-03T10:56:48.615Z,51.4799,-175.6197,34,5.8,mww,131,70,0.542,0.63,us,us7000nppj,2026-07-17T19:50:25.863Z,"82 km ESE of Adak, Alaska",earthquake,4.21,1.882,0.068,21,reviewed,us,us
2024-11-05T19:39:43.762Z,-12.9033,-75.2219,106,5.7,mww,162,46,1.826,0.7,us,us7000nq3d,2025-01-24T19:51:16.040Z,"18 km NNW of Santa Ana, Peru",earthquake,4.3,1.859,0.049,40,reviewed,us,us
2024-11-06T14:36:21.520Z,-4.7663,153.3071,35,5.9,mww,221,36,1.275,0.47,us,us7000nq9e,2025-01-24T19:51:17.040Z,"124 km ESE of Kokopo, Papua New Guinea",earthquake,9.14,1.882,0.043,51,reviewed,us,us
2024-11-06T15:55:08.907Z,-18.1047,-177.8948,435.632,5.9,mww,330,27,3.073,0.91,us,us7000nq9w,2025-01-24T19:51:18.040Z,"295 km E of Levuka, Fiji",earthquake,9.93,5.625,0.054,33,reviewed,us,us
2024-11-06T22:55:03.607Z,25.4039,142.8586,8,5.8,mww,277,22,1.79,0.49,us,us7000nqb9,2025-01-24T19:51:19.040Z,"Volcano Islands, Japan region",earthquake,8.16,1.753,0.048,41,reviewed,us,us
2024-11-08T11:38:00.376Z,-46.7807,-75.6402,10,6.3,mww,85,52,2.139,0.71,us,us7000nql2,2025-01-24T19:51:23.040Z,"239 km WNW of Cochrane, Chile",earthquake,4.83,1.816,0.039,62,reviewed,us,us
2024-11-09T10:03:40.690Z,7.4901,-82.3993,10,5.6,mww,78,92,1.95,0.82,us,us7000nqv1,2025-01-24T19:51:27.040Z,"79 km SE of Burica, Panama",earthquake,7.9,1.865,0.036,74,reviewed,us,us
2024-11-09T19:30:18.781Z,7.5218,-82.3895,10,5.8,mww,91,59,1.926,0.74,us,us7000nqwx,2025-01-24T19:51:28.040Z,"77 km SE of Burica, Panama",earthquake,6.44,1.69,0.044,50,reviewed,us,us
2024-11-10T15:50:03.006Z,19.8238,-76.9792,19,5.9,mww,96,41,0.552,1.01,us,us7000nr0n,2025-01-24T19:51:30.040Z,"38 km S of Bartolomé Masó, Cuba",earthquake,4.31,0.556,0.048,41,reviewed,us,us
2024-11-10T16:49:50.426Z,19.7974,-77.0506,14,6.8,mww,90,25,0.624,0.91,us,us7000nr0v,2025-01-24T19:51:30.040Z,"42 km SSW of Bartolomé Masó, Cuba",earthquake,3.76,1.715,0.032,94,reviewed,us,us
2024-11-11T10:16:53.821Z,20.1687,145.7964,8,5.5,mww,130,38,4.908,0.98,us,us7000nr4w,2025-11-11T10:27:03.000Z,"Maug Islands region, Northern Mariana Islands",earthquake,7.45,1.383,0.049,40,reviewed,us,us
2024-11-15T05:28:30.650Z,-4.7548,153.2923,56,6.6,mww,113,19,1.257,0.67,us,us7000nrwz,2025-01-26T16:29:58.040Z,"122 km ESE of Kokopo, Papua New Guinea",earthquake,8.14,1.856,0.061,26,reviewed,us,us
2024-11-15T10:41:07.227Z,-61.2858,153.9957,10,5.5,mww,30,124,7.296,0.38,us,us7000nryg,2025-01-26T16:30:03.040Z,"Balleny Islands region",earthquake,8.95,1.879,0.068,21,reviewed,us,us
2024-11-17T12:16:29.874Z,29.0424,131.3968,8,6.1,mww,134,32,2.591,0.9,us,us7000nsa3,2025-01-26T16:30:37.040Z,"156 km SSE of Koshima, Japan",earthquake,6.25,1.822,0.041,56,reviewed,us,us
2024-11-19T02:41:52.175Z,-21.0456,-175.7525,8,5.6,mww,72,74,6.479,0.86,us,us7000nsjt,2025-01-30T17:00:35.040Z,"48 km WNW of Houma, Tonga",earthquake,10.47,1.792,0.061,26,reviewed,us,us
2024-11-20T10:42:56.316Z,-20.7318,-176.3434,212.565,5.5,mww,196,50,5.867,0.45,us,us6000p6id,2025-01-30T17:00:31.040Z,"118 km WNW of Houma, Tonga",earthquake,11.8,6.695,0.05,38,reviewed,us,us
2024-11-20T14:43:51.351Z,79.8553,1.618,2.408,5.7,mww,311,48,2.131,0.45,us,us6000p6iv,2025-01-30T17:00:31.040Z,"Greenland Sea",earthquake,8.87,3.712,0.049,40,reviewed,us,us
2024-11-23T19:04:30.553Z,-17.8504,-178.5153,587.878,5.9,mww,182,23,2.439,0.73,us,us6000p7aq,2025-01-30T17:00:33.040Z,"230 km E of Levuka, Fiji",earthquake,10.36,5.539,0.056,31,reviewed,us,us
2024-11-26T13:47:03.411Z,36.9549,136.3653,8,6.1,mww,321,10,1.532,0.74,us,us7000nu90,2025-02-02T00:52:03.040Z,"38 km WNW of Hakui, Japan",earthquake,5.42,1.69,0.036,73,reviewed,us,us
2024-11-27T21:58:45.297Z,15.4608,120.8046,182,5.7,mww,242,30,7.322,0.61,us,us7000nul8,2025-02-02T00:52:45.040Z,"1 km NNE of Concepcion, Philippines",earthquake,9.33,1.884,0.044,50,reviewed,us,us
2024-11-27T22:03:56.840Z,-37.6381,179.6542,19,5.8,mww,171,45,1.073,0.91,us,us7000nula,2025-02-02T00:52:45.040Z,"119 km E of Hicks Bay, New Zealand",earthquake,8.19,1.753,0.046,46,reviewed,us,us
2024-11-30T08:46:16.409Z,25.3021,126.0218,49.015,5.7,mww,257,62,1.866,0.65,us,us7000nv3a,2025-02-02T00:53:59.040Z,"91 km NE of Hirara, Japan",earthquake,7.24,6.07,0.04,59,reviewed,us,us
2024-12-03T18:54:41.788Z,18.5003,120.7963,34,5.7,mww,181,19,4.304,0.92,us,us7000nvpy,2025-02-15T18:29:17.040Z,"5 km SE of Bangui, Philippines",earthquake,8.11,1.774,0.043,51,reviewed,us,us
2024-12-05T11:48:03.206Z,52.1082,-170.8903,38.284,5.6,mww,149,58,0.904,0.91,us,us7000nw3f,2025-02-15T18:29:42.040Z,"165 km SW of Nikolski, Alaska",earthquake,5.94,4.572,0.066,22,reviewed,us,us
2024-12-05T18:44:21.110Z,40.374,-125.02166666667,10,7,mw,172,229,0.5261,0.23,nc,nc75095651,2026-07-17T16:45:27.673Z,"2024 Offshore Cape Mendocino, California Earthquake",earthquake,0.63,31.61,0.018,303,reviewed,nc,nc
2024-12-06T17:15:00.515Z,1.5039,121.1742,32.854,5.5,mww,186,29,0.553,0.89,us,us7000nwmn,2026-07-23T13:45:47.816Z,"235 km WNW of Gorontalo, Indonesia",earthquake,5.27,3.35,0.056,31,reviewed,us,us
2024-12-07T17:31:59.483Z,-40.3557,-16.7546,10,5.9,mww,172,25,4.778,0.76,us,us7000nwwp,2025-02-15T18:30:47.040Z,"southern Mid-Atlantic Ridge",earthquake,9.18,1.725,0.103,9,reviewed,us,us
2024-12-08T10:25:00.081Z,48.867,152.3071,207,6,mww,352,47,5.442,0.54,us,us7000nx17,2025-02-15T18:30:58.040Z,"Kuril Islands",earthquake,8.83,1.908,0.035,79,reviewed,us,us
2024-12-08T16:41:20.301Z,-8.8293,-109.3827,10,5.5,mww,84,176,20.134,0.84,us,us7000nx3e,2025-02-15T18:31:03.040Z,"central East Pacific Rise",earthquake,14.96,1.895,0.08,15,reviewed,us,us
2024-12-08T18:07:49.830Z,-9.3184,-109.9235,10,5.6,mww,108,162,17.722,0.73,us,us7000nx3l,2025-02-15T18:31:04.040Z,"central East Pacific Rise",earthquake,13.63,1.908,0.063,24,reviewed,us,us
2024-12-08T19:57:08.602Z,51.0018,-177.3278,18,6.3,mww,178,52,0.763,1.21,us,us7000nx3z,2025-02-15T18:31:06.040Z,"108 km SSW of Adak, Alaska",earthquake,4.3,1.84,0.033,86,reviewed,us,us
2024-12-08T21:02:49.063Z,50.8303,-177.2981,10,5.8,mww,130,128,1.001,0.95,us,us7000nx4k,2026-07-17T19:48:15.767Z,"124 km SSW of Adak, Alaska",earthquake,4.61,1.862,0.078,16,reviewed,us,us
2024-12-09T00:15:30.691Z,50.9985,-177.1779,19,6.3,mww,147,40,0.765,0.61,us,us7000nx5r,2025-02-18T20:02:48.040Z,"104 km SSW of Adak, Alaska",earthquake,4.24,1.757,0.032,91,reviewed,us,us
2024-12-09T00:38:52.848Z,50.8586,-177.443,10,6.1,mww,132,73,0.914,0.72,us,us7000nx5z,2026-07-17T17:45:42.157Z,"126 km SSW of Adak, Alaska",earthquake,3.8,1.741,0.039,63,reviewed,us,us
2024-12-09T00:39:50.242Z,50.7143,-177.0971,10,5.5,mb,81,112,1.052,0.89,us,us7000nymn,2026-07-17T20:25:50.061Z,"132 km SSW of Adak, Alaska",earthquake,4.9,1.872,0.077,59,reviewed,us,us
2024-12-09T03:26:40.907Z,50.9203,-177.5413,20,5.7,mww,270,84,0.864,0.54,us,us7000nx6q,2025-02-18T20:02:49.040Z,"123 km SSW of Adak, Alaska",earthquake,4.54,1.782,0.047,44,reviewed,us,us
2024-12-09T03:31:56.395Z,50.7926,-177.5273,10,5.6,mww,198,130,0.987,0.61,us,us7000nx6s,2025-02-18T20:02:49.040Z,"135 km SSW of Adak, Alaska",earthquake,3.85,1.802,0.098,10,reviewed,us,us
2024-12-09T03:50:29.291Z,13.2899,-87.8532,10,5.6,mww,130,72,0.491,0.63,us,us7000nx79,2025-07-08T02:36:57.017Z,"2 km SSE of Conchagua, El Salvador",earthquake,5.98,1.838,0.036,75,reviewed,us,us
2024-12-09T16:31:44.297Z,51.0055,-177.6184,17,5.7,mww,190,32,0.771,0.86,us,us7000nxbs,2026-07-17T19:52:00.373Z,"118 km SW of Adak, Alaska",earthquake,4.4,1.758,0.05,38,reviewed,us,us
2024-12-09T17:25:21.272Z,-9.106,66.8004,10,5.6,mww,78,46,11.095,0.55,us,us7000nxct,2025-02-18T20:02:51.040Z,"Mid-Indian Ridge",earthquake,9.3,1.851,0.053,34,reviewed,us,us
2024-12-09T23:08:31.577Z,39.1675,-119.0238,8,5.71,mwr,30,105,0.248,0.1163,nn,nn00888580,2026-07-17T16:57:32.978Z,"2024 Parker Butte, Nevada Earthquake",earthquake,,2.3971,,,reviewed,nn,nn
2024-12-10T18:04:34.105Z,51.0964,-177.2531,20,5.9,mww,220,41,0.666,0.63,us,us7000nxnc,2025-02-18T20:02:54.040Z,"96 km SSW of Adak, Alaska",earthquake,4.4,0.681,0.041,57,reviewed,us,us
2024-12-12T01:51:35.405Z,-14.987,-178.4335,10,5.5,mww,132,60,0.74,0.73,us,us7000ny28,2025-02-18T20:02:55.040Z,"82 km SSW of Leava, Wallis and Futuna",earthquake,6.32,1.787,0.062,25,reviewed,us,us
2024-12-13T23:38:18.234Z,-35.33,-70.7256,109,6.4,mww,93,61,0.538,0.71,us,us7000nyqr,2025-08-08T12:19:38.293Z,"56 km ESE of Molina, Chile",earthquake,6.16,1.878,0.032,94,reviewed,us,us
2024-12-15T15:03:39.717Z,-18.7256,-175.265,232,5.9,mww,59,104,5.065,0.5,us,us7000nz38,2025-02-18T20:03:01.040Z,"135 km W of Neiafu, Tonga",earthquake,11.36,1.948,0.044,49,reviewed,us,us
2024-12-16T10:14:44.155Z,-3.8297,129.3035,24.808,5.5,mww,96,60,0.912,0.88,us,us7000nz8f,2025-02-27T17:30:50.040Z,"68 km SE of Amahai, Indonesia",earthquake,6.11,4.779,0.065,23,reviewed,us,us
2024-12-17T01:47:25.741Z,-17.6914,168.0842,54.372,7.3,mww,246,18,2.386,0.64,us,us7000nzf3,2026-07-17T17:21:07.060Z,"24 km WNW of Port-Vila, Vanuatu",earthquake,6.75,4.068,0.036,73,reviewed,us,us
2024-12-17T18:17:23.998Z,-17.7053,168.1418,46,5.5,mww,166,22,4.614,0.62,us,us7000nzln,2025-02-27T17:30:51.040Z,"18 km W of Port-Vila, Vanuatu",earthquake,9.35,1.867,0.059,28,reviewed,us,us
2024-12-17T22:10:40.305Z,-18.1662,-178.2957,549.327,5.6,mww,120,26,2.791,0.73,us,us7000nznb,2025-02-27T17:30:52.040Z,"252 km E of Levuka, Fiji",earthquake,10.04,5.085,0.089,12,reviewed,us,us
2024-12-19T02:07:02.512Z,-56.2848,147.3332,10,5.7,mww,54,68,6.851,0.93,us,us7000nzxv,2025-02-27T17:30:52.040Z,"west of Macquarie Island",earthquake,10.48,1.849,0.053,34,reviewed,us,us
2024-12-21T15:30:53.399Z,-17.7041,168.0033,47,6.1,mww,156,20,4.513,0.58,us,us7000p0lv,2025-02-27T17:30:54.040Z,"33 km W of Port-Vila, Vanuatu",earthquake,8.49,1.927,0.038,66,reviewed,us,us
2024-12-23T06:00:56.943Z,19.8862,-76.6255,7,5.9,mww,246,50,0.217,0.5,us,us7000p0uj,2025-03-08T22:39:18.040Z,"41 km SSW of Guisa, Cuba",earthquake,4.52,1.819,0.038,66,reviewed,us,us
2024-12-24T22:42:25.776Z,-28.2047,-67.3646,138,5.9,mww,138,23,2.78,0.71,us,us6000pfi3,2025-03-08T22:39:09.040Z,"25 km SE of Tinogasta, Argentina",earthquake,6.9,1.851,0.032,93,reviewed,us,us
2024-12-25T06:34:48.763Z,-19.0858,-177.6396,458.667,5.6,mww,130,31,3.853,0.59,us,us6000pfjm,2025-03-08T22:39:09.040Z,"Fiji region",earthquake,9.95,5.299,0.089,12,reviewed,us,us
2024-12-26T21:02:25.395Z,30.5023,141.8517,7,5.8,mww,106,92,3.13,0.79,us,us6000pfs7,2025-03-08T22:39:10.040Z,"Izu Islands, Japan region",earthquake,3.65,1.828,0.051,37,reviewed,us,us
2024-12-27T05:30:07.144Z,34.0302,-38.6982,10,5.9,mww,112,98,11.314,0.68,us,us6000pfuq,2025-03-08T22:39:10.040Z,"northern Mid-Atlantic Ridge",earthquake,11.24,1.885,0.037,70,reviewed,us,us
2024-12-27T12:47:37.696Z,47.2996,151.236,146,6.8,mww,246,38,5.794,0.85,us,us6000pfw7,2025-03-08T22:39:10.040Z,"Kuril Islands",earthquake,8.35,1.931,0.037,72,reviewed,us,us
2024-12-28T08:34:06.076Z,-52.1258,-4.8494,10,5.6,mww,72,86,18.991,0.59,us,us6000pg43,2025-03-08T22:39:11.040Z,"southern Mid-Atlantic Ridge",earthquake,7.75,1.763,0.086,13,reviewed,us,us
2024-12-28T19:57:19.641Z,-20.4512,-177.8522,542.804,5.5,mww,100,78,4.716,0.67,us,us6000pg6r,2025-03-08T22:39:11.040Z,"277 km WNW of Houma, Tonga",earthquake,11.64,6.374,0.083,14,reviewed,us,us
2024-12-30T02:56:16.807Z,18.4391,120.9038,34,5.5,mww,246,32,4.359,0.59,us,us6000pge2,2025-03-08T22:39:13.040Z,"18 km SE of Bangui, Philippines",earthquake,8.41,1.783,0.054,33,reviewed,us,us
2024-12-30T05:40:49.297Z,-29.9251,-72.0531,10,5.5,mb,178,74,0.707,0.53,us,us6000pget,2025-03-08T22:39:13.040Z,"68 km W of Coquimbo, Chile",earthquake,2.09,1.786,0.025,546,reviewed,us,us
2024-12-30T05:41:06.678Z,-29.9272,-71.9959,10,5.5,mww,127,76,0.658,0.51,us,us6000pgf5,2025-03-08T22:39:13.040Z,"63 km W of Coquimbo, Chile",earthquake,3.75,1.829,0.058,29,reviewed,us,us
